,Rk,Player,Pos,Age,Tm,G,GS,MP,FG,FGA,FG%,3P,3PA,3P%,2P,2PA,2P%,eFG%,FT,FTA,FT%,ORB,DRB,TRB,AST,STL,BLK,TOV,PF,PTS
0,1,Precious Achiuwa\achiupr01,PF,21,MIA,51,2,12.3,2.1,3.7,0.555,0.0,0.0,,2.1,3.7,0.555,0.555,1.0,1.9,0.505,1.3,2.2,3.5,0.5,0.3,0.5,0.7,1.6,5.1
1,2,Jaylen Adams\adamsja01,PG,24,MIL,7,0,2.6,0.1,1.1,0.125,0.0,0.3,0.0,0.1,0.9,0.167,0.125,0.0,0.0,,0.0,0.4,0.4,0.3,0.0,0.0,0.0,0.1,0.3
2,3,Steven Adams\adamsst01,C,27,NOP,50,50,27.9,3.3,5.4,0.614,0.0,0.1,0.0,3.3,5.4,0.621,0.614,1.0,2.4,0.43,3.9,5.0,8.9,1.9,1.0,0.7,1.5,2.0,7.7
3,4,Bam Adebayo\adebaba01,C,23,MIA,48,48,33.5,7.2,12.7,0.566,0.0,0.2,0.25,7.1,12.5,0.57,0.567,4.6,5.6,0.808,2.4,7.0,9.4,5.3,1.0,1.1,2.6,2.3,19.0
4,5,LaMarcus Aldridge\aldrila01,C,35,TOT,26,23,25.9,5.4,11.4,0.473,1.2,3.1,0.388,4.2,8.3,0.505,0.525,1.6,1.8,0.872,0.7,3.8,4.5,1.9,0.4,1.1,1.0,1.8,13.5
5,5,LaMarcus Aldridge\aldrila01,C,35,SAS,21,18,25.9,5.5,11.8,0.464,1.3,3.6,0.36,4.2,8.2,0.509,0.518,1.5,1.8,0.838,0.8,3.7,4.5,1.7,0.4,0.9,1.0,1.7,13.7
6,5,LaMarcus Aldridge\aldrila01,C,35,BRK,5,5,26.0,5.0,9.6,0.521,0.8,1.0,0.8,4.2,8.6,0.488,0.563,2.0,2.0,1.0,0.4,4.4,4.8,2.6,0.6,2.2,1.4,2.2,12.8
7,6,Ty-Shon Alexander\alexaty01,SG,22,PHO,8,0,2.9,0.1,1.0,0.125,0.1,0.8,0.167,0.0,0.3,0.0,0.188,0.1,0.3,0.5,0.0,0.4,0.4,0.1,0.0,0.0,0.0,0.1,0.5
8,7,Nickeil Alexander-Walker\alexani01,SG,22,NOP,41,10,20.8,3.9,9.2,0.418,1.6,4.6,0.348,2.3,4.7,0.487,0.504,1.0,1.3,0.75,0.2,2.8,3.1,2.0,1.0,0.5,1.4,1.9,10.2
9,8,Grayson Allen\allengr01,SG,25,MEM,39,27,24.8,3.5,8.2,0.425,2.2,5.4,0.396,1.3,2.7,0.481,0.557,1.5,1.6,0.906,0.4,2.8,3.2,2.2,0.9,0.2,1.0,1.4,10.6
10,9,Jarrett Allen\allenja01,C,22,TOT,44,26,28.7,4.8,7.5,0.633,0.1,0.3,0.417,4.6,7.2,0.642,0.641,3.5,4.9,0.704,3.0,6.9,9.9,1.7,0.5,1.7,1.5,1.6,13.1
11,9,Jarrett Allen\allenja01,C,22,BRK,12,5,26.7,3.7,5.4,0.677,0.0,0.0,,3.7,5.4,0.677,0.677,3.8,5.1,0.754,3.2,7.3,10.4,1.7,0.6,1.6,1.8,1.8,11.2
12,9,Jarrett Allen\allenja01,C,22,CLE,32,21,29.4,5.2,8.3,0.623,0.2,0.4,0.417,5.0,7.9,0.632,0.632,3.3,4.8,0.684,3.0,6.7,9.7,1.7,0.4,1.7,1.3,1.5,13.8
13,10,Al-Farouq Aminu\aminual01,PF,30,TOT,18,14,21.1,2.0,5.0,0.4,0.4,1.8,0.219,1.6,3.2,0.5,0.439,0.9,1.1,0.842,1.1,4.2,5.3,1.6,0.9,0.5,1.5,1.3,5.3
14,10,Al-Farouq Aminu\aminual01,PF,30,ORL,17,14,21.6,2.1,5.2,0.404,0.4,1.8,0.226,1.7,3.4,0.5,0.444,0.8,1.0,0.824,1.2,4.2,5.4,1.7,1.0,0.5,1.5,1.3,5.5
15,10,Al-Farouq Aminu\aminual01,PF,30,CHI,1,0,12.0,0.0,1.0,0.0,0.0,1.0,0.0,0.0,0.0,,0.0,2.0,2.0,1.0,0.0,5.0,5.0,0.0,0.0,0.0,2.0,2.0,2.0
16,11,Kyle Anderson\anderky01,PF,27,MEM,50,50,27.3,4.6,9.7,0.47,1.4,3.8,0.363,3.2,5.9,0.539,0.541,2.0,2.6,0.769,0.8,5.1,5.9,3.5,1.3,0.8,1.3,1.7,12.5
17,12,Giannis Antetokounmpo\antetgi01,PF,26,MIL,45,45,34.0,10.4,18.4,0.565,1.1,3.8,0.302,9.3,14.7,0.632,0.595,6.8,9.9,0.687,1.8,9.6,11.4,6.2,1.1,1.3,3.8,2.9,28.8
18,13,Kostas Antetokounmpo\antetko01,PF,23,LAL,12,0,3.4,0.3,0.6,0.429,0.0,0.0,,0.3,0.6,0.429,0.429,0.3,0.6,0.429,0.3,0.8,1.1,0.1,0.2,0.3,0.8,0.5,0.8
19,14,Thanasis Antetokounmpo\antetth01,SF,28,MIL,41,2,10.9,1.6,2.9,0.547,0.2,0.6,0.304,1.4,2.3,0.606,0.577,0.4,0.9,0.486,1.1,1.4,2.5,0.8,0.4,0.2,0.9,1.4,3.7
20,15,Carmelo Anthony\anthoca01,PF,36,POR,53,3,25.1,4.8,11.5,0.413,1.7,4.5,0.382,3.0,7.0,0.434,0.489,2.1,2.4,0.874,0.5,2.7,3.2,1.6,0.7,0.6,1.0,2.2,13.3
21,16,Cole Anthony\anthoco01,PG,20,ORL,29,17,26.4,4.1,11.0,0.373,1.0,3.3,0.299,3.1,7.7,0.405,0.418,1.8,2.2,0.841,0.9,3.6,4.5,3.9,0.7,0.4,1.9,2.1,11.0
22,17,OG Anunoby\anunoog01,SF,23,TOR,36,36,33.0,5.3,11.3,0.473,2.2,5.8,0.386,3.1,5.5,0.563,0.571,1.7,2.3,0.753,1.4,4.3,5.7,2.0,1.6,0.7,1.8,2.8,14.6
23,18,Ryan Arcidiacono\arcidry01,PG,26,CHI,31,0,10.7,1.1,2.8,0.379,0.5,1.6,0.314,0.5,1.2,0.472,0.471,0.4,0.5,0.75,0.1,1.4,1.5,1.4,0.2,0.0,0.2,1.1,3.0
24,19,Trevor Ariza\arizatr01,SF,35,MIA,13,10,24.8,2.3,6.9,0.333,1.1,3.8,0.28,1.2,3.1,0.4,0.411,1.2,1.6,0.762,0.5,3.4,3.8,1.5,0.7,0.6,0.5,1.5,6.9
25,20,D.J. Augustin\augusdj01,PG,33,TOT,51,6,19.2,2.2,5.6,0.385,1.3,3.5,0.374,0.8,2.1,0.402,0.502,1.4,1.5,0.932,0.4,1.3,1.6,3.3,0.5,0.0,1.1,1.0,7.0
26,20,D.J. Augustin\augusdj01,PG,33,MIL,37,6,19.3,1.9,5.2,0.37,1.3,3.5,0.38,0.6,1.7,0.349,0.497,1.0,1.1,0.9,0.3,1.1,1.4,3.0,0.5,0.0,0.9,0.9,6.1
27,20,D.J. Augustin\augusdj01,PG,33,HOU,14,0,19.1,2.8,6.7,0.415,1.3,3.6,0.36,1.5,3.1,0.477,0.511,2.4,2.4,0.971,0.5,1.8,2.3,4.0,0.4,0.0,1.5,1.3,9.2
28,21,Deni Avdija\avdijde01,SF,20,WAS,49,27,23.3,2.4,5.8,0.416,1.0,3.2,0.325,1.4,2.6,0.527,0.505,0.6,0.9,0.643,0.4,4.5,4.9,1.2,0.6,0.2,0.6,2.7,6.4
29,22,Deandre Ayton\aytonde01,C,22,PHO,54,54,30.5,6.5,10.5,0.62,0.1,0.4,0.2,6.4,10.1,0.636,0.624,1.9,2.6,0.75,3.3,7.5,10.8,1.4,0.5,1.1,1.7,2.9,15.0
30,23,Udoka Azubuike\azubuud01,C,21,UTA,12,0,4.1,0.3,0.6,0.571,0.0,0.0,,0.3,0.6,0.571,0.571,0.3,0.5,0.667,0.3,0.8,1.1,0.0,0.1,0.3,0.3,0.7,1.0
31,24,Dwayne Bacon\bacondw01,SG,25,ORL,54,36,25.5,3.8,9.6,0.393,0.9,3.0,0.304,2.9,6.7,0.433,0.44,1.8,2.1,0.836,0.3,2.7,3.1,1.2,0.5,0.1,0.6,1.6,10.3
32,25,Marvin Bagley III\baglema01,PF,21,SAC,37,37,25.7,5.6,11.2,0.502,0.9,2.6,0.354,4.7,8.6,0.547,0.543,1.6,2.9,0.56,2.5,5.0,7.4,0.9,0.5,0.5,1.3,2.4,13.9
33,26,LaMelo Ball\ballla01,PG,19,CHO,41,21,28.6,5.8,12.8,0.451,2.0,5.3,0.375,3.8,7.6,0.503,0.528,2.4,3.0,0.789,1.3,4.5,5.9,6.1,1.6,0.3,2.8,2.8,15.9
34,27,Lonzo Ball\balllo01,PG,23,NOP,41,41,31.7,5.2,12.3,0.424,3.1,8.1,0.384,2.1,4.2,0.5,0.55,0.9,1.2,0.792,0.6,3.6,4.2,5.7,1.4,0.6,2.0,2.0,14.5
35,28,Mo Bamba\bambamo01,C,22,ORL,32,0,12.3,2.6,5.4,0.486,0.8,2.0,0.385,1.8,3.4,0.546,0.558,0.6,1.0,0.606,1.3,2.9,4.3,0.5,0.2,1.0,0.6,1.7,6.7
36,29,Desmond Bane\banede01,SG,22,MEM,48,11,22.4,3.6,7.5,0.475,1.8,3.9,0.454,1.8,3.7,0.497,0.591,0.6,0.8,0.811,0.4,2.8,3.1,1.5,0.7,0.2,1.0,1.9,9.5
37,30,Harrison Barnes\barneha02,PF,28,SAC,51,51,36.2,5.3,10.9,0.487,1.5,4.1,0.36,3.8,6.8,0.565,0.556,3.4,4.2,0.825,1.2,5.6,6.7,3.5,0.8,0.2,1.5,1.3,15.5
38,31,RJ Barrett\barrerj01,SG,20,NYK,55,55,34.0,6.5,14.5,0.45,1.4,3.7,0.378,5.1,10.9,0.474,0.497,3.0,4.1,0.735,1.0,4.7,5.7,3.0,0.8,0.3,2.0,2.6,17.4
39,32,Will Barton\bartowi01,SF,30,DEN,51,47,31.4,4.7,10.9,0.432,1.7,4.5,0.379,3.0,6.4,0.469,0.511,1.6,2.0,0.779,0.7,3.4,4.2,3.2,0.9,0.4,1.7,1.7,12.8
40,33,Keita Bates-Diop\bateske01,SF,25,SAS,17,0,7.2,0.8,2.1,0.371,0.3,0.9,0.333,0.5,1.2,0.4,0.443,0.4,0.6,0.7,0.3,0.9,1.2,0.4,0.4,0.1,0.1,0.4,2.2
41,34,Nicolas Batum\batumni01,SF,32,LAC,53,38,28.4,3.0,6.5,0.466,1.8,4.3,0.419,1.2,2.2,0.56,0.605,0.8,1.0,0.843,0.8,4.1,5.0,2.3,1.1,0.5,0.8,1.6,8.6
42,35,Aron Baynes\baynear01,C,34,TOR,50,31,18.2,2.4,5.6,0.431,0.4,1.9,0.237,2.0,3.8,0.527,0.47,0.5,0.7,0.73,1.7,3.4,5.1,0.9,0.3,0.4,0.9,2.3,5.8
43,36,Kent Bazemore\bazemke01,SF,31,GSW,52,3,17.4,2.3,5.1,0.442,1.0,2.4,0.4,1.3,2.7,0.479,0.536,0.7,1.0,0.704,0.4,2.6,3.0,1.6,0.9,0.5,1.1,2.2,6.2
44,37,Darius Bazley\bazleda01,PF,20,OKC,38,38,30.8,4.4,11.2,0.396,1.5,5.1,0.297,2.9,6.0,0.48,0.465,1.5,2.2,0.687,0.6,6.8,7.4,1.6,0.5,0.6,1.9,0.9,11.9
45,38,Bradley Beal\bealbr01,SG,27,WAS,44,44,35.3,10.9,22.5,0.485,2.2,6.4,0.344,8.7,16.1,0.541,0.534,6.9,7.8,0.894,1.2,3.7,4.8,4.8,1.2,0.4,3.3,2.4,31.0
46,39,Malik Beasley\beaslma01,SG,24,MIN,37,36,32.8,7.1,16.2,0.44,3.5,8.7,0.399,3.7,7.5,0.487,0.547,1.8,2.2,0.85,0.8,3.6,4.4,2.4,0.8,0.2,1.6,1.7,19.6
47,40,Jordan Bell\belljo01,C,26,WAS,3,1,16.7,1.7,5.0,0.333,0.0,0.7,0.0,1.7,4.3,0.385,0.333,0.0,0.0,,1.7,3.7,5.3,1.7,0.3,1.0,1.0,1.3,3.3
48,41,DeAndre' Bembry\bembrde01,SF,26,TOR,37,11,18.2,2.2,4.0,0.544,0.2,0.9,0.273,1.9,3.1,0.621,0.574,0.7,1.1,0.667,0.6,2.0,2.6,2.0,0.8,0.4,1.2,1.6,5.3
49,42,Dāvis Bertāns\bertada01,PF,28,WAS,40,5,24.5,3.3,8.2,0.402,2.9,7.3,0.396,0.4,0.9,0.457,0.579,1.6,1.9,0.867,0.4,2.6,3.0,0.9,0.6,0.2,0.6,2.5,11.1
50,43,Patrick Beverley\beverpa01,PG,32,LAC,31,31,23.4,2.6,6.1,0.432,1.7,4.0,0.416,1.0,2.1,0.462,0.568,1.1,1.3,0.805,0.9,2.7,3.6,2.1,0.8,0.8,0.9,3.1,8.0
51,44,Saddiq Bey\beysa01,SF,21,DET,52,35,25.1,3.6,8.8,0.411,2.3,6.0,0.382,1.3,2.8,0.473,0.541,1.6,1.8,0.884,0.5,3.4,4.0,1.3,0.7,0.1,0.8,1.7,11.2
52,45,Tyler Bey\beyty01,SF,22,DAL,11,0,3.5,0.4,1.1,0.333,0.0,0.1,0.0,0.4,1.0,0.364,0.333,0.2,0.4,0.5,0.5,0.7,1.2,0.1,0.0,0.1,0.0,0.4,0.9
53,46,Khem Birch\birchkh01,C,28,TOT,50,5,19.9,2.0,4.4,0.461,0.1,0.5,0.217,1.9,3.9,0.49,0.473,1.3,1.8,0.722,2.4,2.7,5.1,1.1,0.7,0.6,0.5,1.4,5.4
54,46,Khem Birch\birchkh01,C,28,ORL,48,5,19.8,2.0,4.4,0.45,0.1,0.4,0.19,1.9,3.9,0.479,0.459,1.3,1.8,0.741,2.4,2.6,5.1,1.1,0.7,0.6,0.5,1.4,5.3
55,46,Khem Birch\birchkh01,C,28,TOR,2,0,21.5,3.5,5.0,0.7,0.5,1.0,0.5,3.0,4.0,0.75,0.75,1.0,2.5,0.4,2.5,3.5,6.0,0.0,1.0,0.5,1.0,1.0,8.5
56,47,Goga Bitadze\bitadgo01,C,21,IND,34,1,11.0,1.9,4.1,0.464,0.4,1.4,0.245,1.5,2.6,0.584,0.507,0.7,1.0,0.714,1.3,1.7,3.0,0.7,0.2,1.2,0.4,1.9,4.9
57,48,Bismack Biyombo\biyombi01,C,28,CHO,49,29,21.2,2.3,3.9,0.581,0.0,0.0,0.0,2.3,3.9,0.584,0.581,0.8,1.7,0.482,2.0,3.2,5.3,1.3,0.3,1.1,1.0,2.3,5.4
58,49,Nemanja Bjelica\bjeline01,PF,32,TOT,33,1,15.8,2.4,5.3,0.448,0.6,2.2,0.27,1.8,3.0,0.58,0.506,1.0,1.4,0.733,0.8,2.7,3.5,1.8,0.3,0.1,0.9,1.9,6.3
59,49,Nemanja Bjelica\bjeline01,PF,32,SAC,26,1,16.9,2.7,5.8,0.46,0.7,2.2,0.293,2.0,3.5,0.565,0.517,1.2,1.6,0.762,0.9,2.9,3.8,1.9,0.3,0.1,1.1,1.8,7.2
60,49,Nemanja Bjelica\bjeline01,PF,32,MIA,7,0,11.6,1.3,3.4,0.375,0.4,2.3,0.188,0.9,1.1,0.75,0.438,0.1,0.4,0.333,0.1,2.0,2.1,1.3,0.3,0.3,0.4,2.0,3.1
61,50,Eric Bledsoe\bledser01,SG,31,NOP,53,52,30.2,4.2,10.2,0.408,1.8,5.2,0.352,2.3,5.0,0.466,0.497,1.8,2.5,0.72,0.4,3.0,3.4,3.8,0.7,0.3,1.6,1.6,11.9
62,51,Keljin Blevins\blevike01,SF,25,POR,10,0,5.1,0.2,1.4,0.143,0.0,0.5,0.0,0.2,0.9,0.222,0.143,0.0,0.0,,0.0,0.2,0.2,0.4,0.2,0.0,0.3,0.4,0.4
63,52,Bogdan Bogdanović\bogdabo01,SG,28,ATL,30,13,27.3,5.0,11.1,0.452,2.7,6.5,0.41,2.4,4.6,0.511,0.572,0.9,1.0,0.9,0.6,3.0,3.6,2.9,0.8,0.3,1.1,2.1,13.6
64,53,Bojan Bogdanović\bogdabo02,SF,31,UTA,55,55,30.4,5.0,11.9,0.419,2.4,6.2,0.384,2.6,5.7,0.457,0.519,2.9,3.3,0.867,0.6,3.4,4.0,1.8,0.5,0.1,1.4,1.6,15.2
65,54,Bol Bol\bolbo01,PF,21,DEN,22,2,5.1,0.9,1.8,0.487,0.4,0.9,0.474,0.5,0.9,0.5,0.603,0.2,0.4,0.556,0.0,0.7,0.7,0.3,0.1,0.4,0.4,0.5,2.4
66,55,Marques Bolden\boldema01,C,22,CLE,6,0,4.8,0.2,0.5,0.333,0.0,0.0,,0.2,0.5,0.333,0.333,0.8,1.3,0.625,0.5,0.5,1.0,0.0,0.3,0.3,0.3,0.0,1.2
67,56,Jordan Bone\bonejo01,PG,23,ORL,14,0,14.0,1.6,3.9,0.426,0.7,2.3,0.313,0.9,1.6,0.591,0.519,0.0,0.0,,0.3,1.4,1.7,1.3,0.1,0.0,0.2,0.8,4.0
68,57,Isaac Bonga\bongais01,SF,21,WAS,33,7,11.2,0.8,2.1,0.382,0.4,1.2,0.308,0.4,0.9,0.483,0.471,0.1,0.2,0.5,0.5,1.3,1.8,0.6,0.3,0.2,0.5,1.6,2.0
69,58,Devin Booker\bookede01,SG,24,PHO,50,50,33.8,9.4,19.2,0.49,2.1,5.9,0.352,7.3,13.3,0.55,0.543,4.9,5.6,0.862,0.4,3.8,4.2,4.5,0.9,0.3,3.3,2.9,25.7
70,59,Chris Boucher\bouchch01,C,28,TOR,55,10,23.7,4.8,9.3,0.517,1.5,3.8,0.383,3.3,5.5,0.61,0.595,2.5,3.2,0.784,1.9,4.6,6.5,1.1,0.6,1.9,0.7,2.7,13.5
71,60,Brian Bowen\bowenbr02,SF,22,IND,5,0,2.4,0.2,0.6,0.333,0.0,0.0,,0.2,0.6,0.333,0.333,0.2,0.2,1.0,0.0,0.4,0.4,0.0,0.0,0.0,0.0,0.2,0.6
72,61,Avery Bradley\bradlav01,SG,30,TOT,19,3,21.7,2.7,6.5,0.415,1.3,3.7,0.352,1.4,2.7,0.5,0.516,0.5,0.7,0.769,0.3,1.8,2.1,1.6,0.6,0.1,0.8,2.3,7.2
73,61,Avery Bradley\bradlav01,SG,30,MIA,10,1,21.1,3.1,6.6,0.47,1.6,3.8,0.421,1.5,2.8,0.536,0.591,0.7,0.9,0.778,0.2,1.6,1.8,1.4,0.7,0.1,0.9,2.6,8.5
74,61,Avery Bradley\bradlav01,SG,30,HOU,9,2,22.4,2.2,6.3,0.351,1.0,3.7,0.273,1.2,2.7,0.458,0.43,0.3,0.4,0.75,0.3,2.1,2.4,1.8,0.4,0.1,0.8,1.9,5.8
75,62,Tony Bradley\bradlto01,C,23,TOT,29,8,16.1,2.9,4.4,0.656,0.0,0.1,0.0,2.9,4.3,0.672,0.656,0.7,1.0,0.679,2.0,3.8,5.8,0.9,0.3,0.8,0.7,1.6,6.4
76,62,Tony Bradley\bradlto01,C,23,PHI,20,8,14.4,2.6,3.8,0.68,0.0,0.1,0.0,2.6,3.7,0.689,0.68,0.4,0.6,0.636,2.0,3.3,5.2,0.9,0.3,0.7,0.3,1.4,5.5
77,62,Tony Bradley\bradlto01,C,23,OKC,9,0,19.9,3.7,5.9,0.623,0.0,0.2,0.0,3.7,5.7,0.647,0.623,1.3,1.9,0.706,2.2,5.0,7.2,1.1,0.3,1.0,1.4,1.9,8.7
78,63,Jarrell Brantley\brantja01,PF,24,UTA,18,0,4.4,0.8,1.7,0.5,0.4,1.0,0.389,0.4,0.7,0.667,0.617,0.1,0.1,1.0,0.3,0.7,1.1,0.3,0.2,0.1,0.1,0.7,2.2
79,64,Ignas Brazdeikis\brazdig01,SF,22,TOT,5,0,3.0,0.0,0.8,0.0,0.0,0.2,0.0,0.0,0.6,0.0,0.0,0.4,0.4,1.0,0.2,0.6,0.8,0.2,0.0,0.0,0.2,0.0,0.4
80,64,Ignas Brazdeikis\brazdig01,SF,22,NYK,4,0,1.8,0.0,0.3,0.0,0.0,0.0,,0.0,0.3,0.0,0.0,0.5,0.5,1.0,0.3,0.3,0.5,0.3,0.0,0.0,0.3,0.0,0.5
81,64,Ignas Brazdeikis\brazdig01,SF,22,PHI,1,0,8.0,0.0,3.0,0.0,0.0,1.0,0.0,0.0,2.0,0.0,0.0,0.0,0.0,,0.0,2.0,2.0,0.0,0.0,0.0,0.0,0.0,0.0
82,65,Mikal Bridges\bridgmi01,SF,24,PHO,54,54,32.0,4.8,9.3,0.522,1.7,4.2,0.405,3.1,5.1,0.619,0.614,1.5,1.9,0.822,1.1,3.4,4.6,2.2,0.9,0.9,0.8,1.6,12.9
83,66,Miles Bridges\bridgmi02,PF,22,CHO,53,7,27.6,4.0,7.9,0.502,1.4,3.7,0.381,2.6,4.3,0.606,0.59,1.3,1.5,0.875,1.3,4.5,5.8,2.0,0.6,0.7,1.6,2.1,10.7
84,67,Oshae Brissett\brissos01,SF,22,IND,3,0,2.0,0.3,0.7,0.5,0.0,0.3,0.0,0.3,0.3,1.0,0.5,0.0,0.0,,0.0,0.7,0.7,0.0,0.3,0.0,0.0,0.0,0.7
85,68,Malcolm Brogdon\brogdma01,PG,28,IND,47,47,35.2,8.1,17.5,0.46,2.7,6.7,0.4,5.4,10.8,0.497,0.536,2.5,2.9,0.861,0.9,3.9,4.8,5.9,1.0,0.2,2.1,2.0,21.3
86,69,Armoni Brooks\brookar01,SG,22,HOU,2,0,8.5,2.5,4.0,0.625,2.0,3.5,0.571,0.5,0.5,1.0,0.875,0.0,0.0,,0.0,1.0,1.0,0.0,0.0,0.0,0.5,0.0,7.0
87,70,Dillon Brooks\brookdi01,SF,25,MEM,49,49,29.5,6.2,15.1,0.41,1.9,5.6,0.342,4.3,9.5,0.45,0.473,2.2,2.6,0.828,0.8,2.1,2.9,2.4,1.2,0.4,1.8,3.4,16.4
88,71,Bruce Brown\brownbr01,PG,24,BRK,50,31,22.0,3.4,6.4,0.534,0.2,0.9,0.244,3.2,5.5,0.581,0.551,1.3,1.7,0.75,1.6,3.2,4.9,1.6,0.9,0.4,0.9,2.2,8.4
89,72,Jaylen Brown\brownja02,SG,24,BOS,51,51,34.2,9.1,18.8,0.486,2.7,6.9,0.397,6.4,11.9,0.537,0.558,3.3,4.3,0.751,1.2,4.5,5.7,3.5,1.2,0.6,2.7,2.9,24.3
90,73,Moses Brown\brownmo01,C,21,OKC,25,14,20.6,3.3,5.9,0.554,0.0,0.0,,3.3,5.9,0.554,0.554,2.1,3.4,0.616,3.2,5.4,8.6,0.2,0.6,1.1,0.9,2.0,8.7
91,74,Sterling Brown\brownst02,SG,25,HOU,51,14,24.1,2.9,6.6,0.448,1.8,4.2,0.423,1.2,2.4,0.492,0.584,0.5,0.6,0.806,0.7,3.6,4.4,1.4,0.7,0.2,0.8,1.9,8.2
92,75,Troy Brown Jr.\browntr01,SF,21,TOT,30,0,15.1,1.7,4.3,0.4,0.7,2.2,0.318,1.0,2.1,0.484,0.481,0.5,0.7,0.7,0.6,2.5,3.1,0.9,0.3,0.2,0.6,1.5,4.6
93,75,Troy Brown Jr.\browntr01,SF,21,WAS,21,0,13.7,1.6,4.2,0.371,0.7,2.2,0.304,0.9,2.0,0.442,0.449,0.5,0.7,0.667,0.5,2.4,2.9,0.9,0.1,0.2,0.8,1.4,4.3
94,75,Troy Brown Jr.\browntr01,SF,21,CHI,9,0,18.4,2.1,4.6,0.463,0.8,2.2,0.35,1.3,2.3,0.571,0.549,0.4,0.6,0.8,0.8,2.9,3.7,1.0,0.6,0.2,0.3,1.8,5.4
95,76,Jalen Brunson\brunsja01,PG,24,DAL,49,11,25.6,4.8,9.2,0.523,1.2,3.1,0.392,3.6,6.1,0.591,0.59,2.0,2.5,0.789,0.4,3.2,3.6,3.3,0.5,0.0,1.3,1.7,12.8
96,77,Thomas Bryant\bryanth01,C,23,WAS,10,10,27.1,5.9,9.1,0.648,0.9,2.1,0.429,5.0,7.0,0.714,0.698,1.6,2.4,0.667,1.8,4.3,6.1,1.5,0.4,0.8,1.1,3.1,14.3
97,78,Reggie Bullock\bullore01,SF,29,NYK,48,47,27.7,3.4,8.1,0.424,2.2,5.6,0.394,1.2,2.5,0.492,0.56,0.6,0.7,0.886,0.2,3.1,3.3,1.4,0.8,0.2,0.7,2.2,9.7
98,79,Trey Burke\burketr01,PG,28,DAL,49,0,14.3,2.4,5.4,0.444,1.0,2.7,0.362,1.4,2.8,0.522,0.532,0.7,0.8,0.85,0.1,0.8,0.9,1.3,0.6,0.1,0.5,1.0,6.5
99,80,Alec Burks\burksal01,SG,29,NYK,43,5,25.9,4.1,10.0,0.41,2.0,4.9,0.403,2.1,5.1,0.416,0.508,2.2,2.5,0.861,0.4,4.0,4.4,2.2,0.7,0.3,1.0,2.1,12.4
100,81,Jimmy Butler\butleji01,SF,31,MIA,39,39,33.8,7.1,14.4,0.494,0.5,2.1,0.238,6.6,12.4,0.536,0.511,6.7,7.8,0.853,1.9,5.3,7.2,7.2,2.1,0.4,2.2,1.4,21.4
101,82,Bruno Caboclo\cabocbr01,PF,25,HOU,6,0,6.0,1.3,2.8,0.471,0.0,0.8,0.0,1.3,2.0,0.667,0.471,0.2,0.3,0.5,0.5,1.8,2.3,0.2,0.0,0.3,0.7,1.0,2.8
102,83,Devontae Cacok\cacokde01,PF,24,LAL,15,1,5.1,1.1,1.7,0.64,0.0,0.0,,1.1,1.7,0.64,0.64,0.2,0.5,0.429,0.7,1.2,1.9,0.1,0.3,0.3,0.3,0.5,2.3
103,84,Kentavious Caldwell-Pope\caldwke01,SG,27,LAL,51,51,27.1,3.1,7.2,0.429,1.6,4.0,0.416,1.4,3.2,0.445,0.544,1.2,1.5,0.851,0.5,2.2,2.7,1.6,0.7,0.3,1.1,1.6,9.0
104,85,Facundo Campazzo\campafa01,PG,29,DEN,48,4,18.7,1.6,4.1,0.385,1.1,2.8,0.378,0.5,1.3,0.4,0.515,0.9,1.0,0.837,0.3,1.3,1.5,2.8,1.0,0.2,1.0,2.0,5.0
105,86,Vlatko Čančar\cancavl01,PF,23,DEN,28,0,5.6,0.5,1.3,0.417,0.2,0.7,0.263,0.4,0.6,0.588,0.486,0.2,0.2,0.833,0.2,0.9,1.0,0.3,0.3,0.1,0.4,0.5,1.4
106,87,Devin Cannady\cannade01,PG,24,ORL,3,0,4.3,1.0,2.3,0.429,0.7,1.7,0.4,0.3,0.7,0.5,0.571,2.0,2.3,0.857,0.0,0.0,0.0,0.0,0.3,0.3,0.0,0.7,4.7
107,88,Clint Capela\capelca01,C,26,ATL,48,48,30.1,6.6,11.0,0.6,0.0,0.0,,6.6,11.0,0.6,0.6,2.1,3.6,0.593,4.7,9.6,14.2,0.9,0.7,2.2,1.3,2.3,15.4
108,89,Vernon Carey Jr.\careyve01,C,19,CHO,10,0,3.3,0.3,0.8,0.375,0.0,0.4,0.0,0.3,0.4,0.75,0.375,0.2,0.3,0.667,0.2,0.8,1.0,0.1,0.0,0.2,0.3,0.2,0.8
109,90,Jevon Carter\carteje01,PG,25,PHO,42,0,10.7,1.2,3.2,0.391,0.8,2.2,0.351,0.5,0.9,0.487,0.515,0.0,0.0,1.0,0.2,1.2,1.5,1.2,0.4,0.2,0.2,1.0,3.3
110,91,Wendell Carter Jr.\cartewe01,C,21,TOT,41,31,25.3,4.3,8.2,0.522,0.2,0.9,0.286,4.0,7.4,0.55,0.537,2.6,3.5,0.743,2.3,5.6,7.9,2.1,0.7,0.8,1.6,2.8,11.4
111,91,Wendell Carter Jr.\cartewe01,C,21,CHI,32,25,24.8,4.0,7.9,0.512,0.3,0.7,0.364,3.8,7.2,0.526,0.528,2.6,3.5,0.739,2.2,5.6,7.8,2.2,0.6,0.8,1.5,3.0,10.9
112,91,Wendell Carter Jr.\cartewe01,C,21,ORL,9,6,27.1,5.2,9.4,0.553,0.2,1.4,0.154,5.0,8.0,0.625,0.565,2.8,3.7,0.758,2.9,5.4,8.3,1.9,1.0,1.1,1.7,2.2,13.4
113,92,Michael Carter-Williams\cartemi01,SG,29,ORL,30,24,25.8,3.3,8.6,0.384,0.5,1.9,0.241,2.8,6.7,0.425,0.411,1.6,2.5,0.618,1.3,3.1,4.4,4.2,0.8,0.5,2.2,2.7,8.6
114,93,Alex Caruso\carusal01,PG,26,LAL,45,0,20.5,2.1,4.9,0.429,1.0,2.3,0.423,1.1,2.6,0.435,0.53,0.8,1.2,0.655,0.5,2.5,3.0,2.6,1.2,0.2,1.2,1.8,6.0
115,94,Willie Cauley-Stein\caulewi01,C,27,DAL,36,11,16.9,2.2,3.6,0.617,0.0,0.2,0.125,2.2,3.3,0.65,0.621,0.9,1.4,0.66,1.1,3.1,4.2,0.7,0.3,0.8,0.5,2.3,5.3
116,95,Chris Chiozza\chiozch01,PG,25,BRK,22,1,10.5,1.4,4.0,0.352,0.6,1.9,0.31,0.8,2.1,0.391,0.426,0.6,0.8,0.765,0.1,1.0,1.1,3.0,0.3,0.3,0.7,0.9,4.0
117,96,Marquese Chriss\chrisma01,PF,23,GSW,2,0,13.5,2.5,7.0,0.357,0.5,2.5,0.2,2.0,4.5,0.444,0.393,1.0,2.0,0.5,1.5,5.0,6.5,1.0,0.0,1.0,1.0,1.5,6.5
118,97,Gary Clark\clarkga01,SF,26,TOT,37,11,17.3,1.1,3.5,0.305,0.8,2.9,0.287,0.2,0.6,0.391,0.424,0.2,0.3,0.8,0.9,2.2,3.1,0.8,0.3,0.2,0.5,0.9,3.2
119,97,Gary Clark\clarkga01,SF,26,ORL,35,11,18.2,1.1,3.7,0.305,0.9,3.1,0.287,0.3,0.7,0.391,0.424,0.2,0.3,0.8,0.9,2.3,3.2,0.9,0.3,0.2,0.5,1.0,3.4
120,97,Gary Clark\clarkga01,SF,26,DEN,2,0,2.0,0.0,0.0,,0.0,0.0,,0.0,0.0,,,0.0,0.0,,0.0,0.5,0.5,0.0,0.0,0.0,0.0,0.0,0.0
121,98,Brandon Clarke\clarkbr01,PF,24,MEM,44,16,25.4,4.8,9.2,0.517,0.4,1.4,0.306,4.3,7.8,0.556,0.541,1.4,2.1,0.667,1.6,4.0,5.6,1.7,1.0,0.8,0.6,1.5,11.3
122,99,Jordan Clarkson\clarkjo01,SG,28,UTA,51,0,25.4,6.2,14.8,0.422,3.0,8.6,0.349,3.2,6.1,0.524,0.524,1.7,1.7,0.955,0.8,3.2,3.9,2.2,0.9,0.2,1.7,1.5,17.2
123,100,Nicolas Claxton\claxtni01,C,21,BRK,22,1,17.9,3.0,5.1,0.593,0.0,0.2,0.25,3.0,5.0,0.606,0.597,1.0,2.0,0.5,1.4,3.4,4.8,1.0,0.6,1.3,0.5,2.0,7.1
124,101,Amir Coffey\coffeam01,SG,23,LAC,37,0,7.5,1.0,2.0,0.48,0.5,1.2,0.444,0.4,0.8,0.533,0.613,0.3,0.5,0.579,0.2,0.6,0.8,0.4,0.2,0.0,0.3,0.4,2.8
125,102,John Collins\collijo01,PF,23,ATL,47,47,30.3,7.1,13.0,0.545,1.3,3.4,0.38,5.8,9.6,0.603,0.594,2.7,3.3,0.838,2.1,5.7,7.8,1.4,0.5,1.0,1.2,3.2,18.2
126,103,Mike Conley\conlemi01,PG,33,UTA,44,44,29.8,5.7,12.7,0.451,2.8,6.7,0.416,2.9,5.9,0.49,0.561,2.3,2.7,0.857,0.8,2.7,3.4,5.6,1.3,0.2,1.9,2.0,16.5
127,104,Pat Connaughton\connapa01,SG,28,MIL,50,3,23.0,2.4,5.4,0.445,1.4,3.6,0.387,1.0,1.8,0.56,0.574,0.5,0.7,0.735,1.0,3.8,4.8,1.3,0.7,0.4,0.5,1.5,6.7
128,105,Quinn Cook\cookqu01,PG,27,TOT,23,0,6.8,1.3,3.0,0.426,0.5,1.1,0.423,0.8,1.8,0.429,0.507,0.3,0.3,0.875,0.1,0.7,0.7,0.8,0.2,0.0,0.3,0.4,3.3
129,105,Quinn Cook\cookqu01,PG,27,LAL,16,0,3.9,0.8,1.6,0.462,0.3,0.8,0.385,0.4,0.8,0.538,0.558,0.3,0.3,0.8,0.0,0.3,0.3,0.3,0.1,0.1,0.2,0.1,2.1
130,105,Quinn Cook\cookqu01,PG,27,CLE,7,0,13.6,2.4,6.0,0.405,0.9,1.9,0.462,1.6,4.1,0.379,0.476,0.4,0.4,1.0,0.3,1.4,1.7,1.9,0.4,0.0,0.6,1.1,6.1
131,106,Tyler Cook\cookty01,SF-PF,23,TOT,16,0,10.3,1.3,2.1,0.606,0.0,0.0,,1.3,2.1,0.606,0.606,0.4,0.8,0.5,0.7,1.4,2.1,0.5,0.3,0.0,0.6,1.1,2.9
132,106,Tyler Cook\cookty01,PF,23,BRK,4,0,4.3,0.3,0.8,0.333,0.0,0.0,,0.3,0.8,0.333,0.333,0.0,0.0,,0.3,0.3,0.5,0.5,0.0,0.0,0.3,0.5,0.5
133,106,Tyler Cook\cookty01,SF,23,DET,12,0,12.3,1.6,2.5,0.633,0.0,0.0,,1.6,2.5,0.633,0.633,0.5,1.0,0.5,0.8,1.8,2.6,0.5,0.3,0.0,0.7,1.3,3.7
134,107,DeMarcus Cousins\couside01,C,30,TOT,27,11,19.2,3.1,8.0,0.384,1.5,4.3,0.342,1.6,3.7,0.434,0.477,1.7,2.3,0.714,1.2,6.1,7.3,2.3,0.8,0.7,1.6,2.9,9.3
135,107,DeMarcus Cousins\couside01,C,30,HOU,25,11,20.2,3.2,8.4,0.376,1.6,4.6,0.336,1.6,3.8,0.426,0.469,1.8,2.4,0.746,1.2,6.4,7.6,2.4,0.8,0.7,1.6,3.0,9.6
136,107,DeMarcus Cousins\couside01,C,30,LAC,2,0,6.5,2.0,3.0,0.667,0.5,0.5,1.0,1.5,2.5,0.6,0.75,0.5,2.0,0.25,1.0,2.0,3.0,1.0,0.5,0.0,2.0,2.0,5.0
137,108,Robert Covington\covinro01,PF,30,POR,52,52,32.2,3.2,7.6,0.413,2.1,5.4,0.384,1.1,2.3,0.483,0.548,0.7,0.9,0.809,0.8,5.8,6.6,1.7,1.6,1.3,1.1,2.8,9.1
138,109,Torrey Craig\craigto01,SF,30,TOT,32,0,13.3,1.7,3.5,0.477,0.6,1.6,0.392,1.0,1.9,0.55,0.568,0.2,0.3,0.6,0.8,2.3,3.2,0.9,0.6,0.4,0.4,1.5,4.1
139,109,Torrey Craig\craigto01,SF,30,MIL,18,0,11.2,1.0,2.6,0.391,0.4,1.2,0.364,0.6,1.3,0.417,0.478,0.1,0.1,0.5,0.7,1.7,2.4,0.9,0.5,0.4,0.3,1.3,2.5
140,109,Torrey Craig\craigto01,SF,30,PHO,14,0,15.9,2.5,4.6,0.538,0.9,2.1,0.414,1.6,2.6,0.639,0.631,0.4,0.6,0.625,1.0,3.1,4.1,0.9,0.8,0.4,0.5,1.7,6.2
141,110,Jae Crowder\crowdja01,PF,30,PHO,51,36,27.8,3.4,8.2,0.41,2.5,6.3,0.389,0.9,1.9,0.475,0.558,1.0,1.3,0.785,0.5,4.4,4.9,2.1,0.8,0.4,0.9,1.9,10.2
142,111,Jarrett Culver\culveja01,SG,21,MIN,32,7,15.3,2.1,5.2,0.412,0.4,1.6,0.255,1.7,3.6,0.482,0.452,0.9,1.5,0.604,1.1,2.2,3.3,0.7,0.5,0.3,0.9,1.8,5.6
143,112,Seth Curry\curryse01,SG,30,PHI,43,43,29.0,4.4,9.9,0.446,2.0,4.8,0.411,2.4,5.1,0.479,0.546,1.4,1.5,0.894,0.2,2.0,2.1,2.9,0.8,0.2,1.3,1.7,12.2
144,113,Stephen Curry\curryst01,PG,32,GSW,46,46,34.0,10.0,20.6,0.485,4.9,11.7,0.416,5.1,8.9,0.576,0.604,5.6,6.0,0.924,0.5,5.0,5.5,5.9,1.3,0.1,3.2,1.8,30.4
145,114,Nate Darling\darlina01,SG,22,CHO,6,0,4.0,0.3,1.2,0.286,0.3,1.2,0.286,0.0,0.0,,0.429,0.5,0.5,1.0,0.2,0.0,0.2,0.2,0.0,0.2,0.2,0.2,1.5
146,115,Anthony Davis\davisan02,PF,27,LAL,23,23,32.8,8.9,16.7,0.533,0.7,2.5,0.293,8.1,14.1,0.575,0.555,4.0,5.7,0.715,2.0,6.3,8.4,3.0,1.3,1.8,2.0,1.8,22.5
147,116,Ed Davis\davised01,C,31,MIN,20,7,13.8,0.9,2.2,0.419,0.0,0.0,,0.9,2.2,0.419,0.419,0.5,0.5,0.9,2.3,3.1,5.4,1.0,0.6,0.6,0.3,2.5,2.3
148,117,Terence Davis\daviste02,SG,23,TOT,43,4,15.3,2.6,6.4,0.404,1.3,3.9,0.345,1.3,2.5,0.495,0.509,0.5,0.6,0.815,0.3,1.7,2.0,1.1,0.6,0.2,0.9,1.4,7.1
149,117,Terence Davis\daviste02,SG,23,TOR,34,4,14.5,2.6,6.2,0.414,1.3,3.6,0.361,1.3,2.6,0.489,0.519,0.5,0.5,0.889,0.3,1.7,1.9,1.1,0.5,0.2,0.9,1.4,6.9
150,117,Terence Davis\daviste02,SG,23,SAC,9,0,18.6,2.8,7.4,0.373,1.6,5.1,0.304,1.2,2.3,0.524,0.478,0.7,1.0,0.667,0.3,2.0,2.3,1.2,0.9,0.3,1.1,1.4,7.8
151,118,Matthew Dellavedova\dellama01,PG,30,CLE,6,1,20.2,1.3,5.3,0.25,0.3,2.3,0.143,1.0,3.0,0.333,0.281,0.3,0.3,1.0,0.8,1.7,2.5,5.3,0.3,0.0,0.7,1.3,3.3
152,119,DeMar DeRozan\derozde01,PF,31,SAS,45,45,33.8,7.3,14.7,0.496,0.4,1.4,0.286,6.9,13.3,0.518,0.51,6.1,7.0,0.882,0.7,3.6,4.3,7.1,0.9,0.2,1.9,2.0,21.2
153,120,Mamadi Diakite\diakima01,PF,24,MIL,9,0,9.4,1.1,2.7,0.417,0.1,0.7,0.167,1.0,2.0,0.5,0.438,0.7,0.7,1.0,0.7,2.0,2.7,0.6,0.2,0.4,0.2,1.0,3.0
154,121,Hamidou Diallo\diallha01,SG-SF,22,TOT,41,5,23.2,4.3,8.9,0.486,0.5,1.4,0.339,3.9,7.6,0.513,0.512,2.5,3.8,0.654,1.1,3.9,5.0,2.2,0.9,0.4,1.5,2.5,11.6
155,121,Hamidou Diallo\diallha01,SG,22,OKC,32,5,23.8,4.5,9.3,0.481,0.4,1.3,0.293,4.1,8.0,0.512,0.502,2.6,4.1,0.629,1.2,4.0,5.2,2.4,1.0,0.4,1.5,2.6,11.9
156,121,Hamidou Diallo\diallha01,SF,22,DET,9,0,21.1,3.9,7.7,0.507,0.8,1.7,0.467,3.1,6.0,0.519,0.558,2.1,2.7,0.792,1.1,3.3,4.4,1.3,0.7,0.6,1.2,2.3,10.7
157,122,Gorgui Dieng\dienggo01,C,31,TOT,25,1,15.8,2.3,4.6,0.504,1.0,2.1,0.462,1.4,2.5,0.54,0.609,1.7,2.0,0.857,1.1,2.9,4.0,1.2,0.8,0.6,1.0,1.7,7.3
158,122,Gorgui Dieng\dienggo01,C,31,MEM,22,1,16.9,2.5,4.9,0.519,1.0,2.2,0.479,1.5,2.7,0.55,0.625,1.7,2.0,0.884,1.3,3.2,4.5,1.3,0.8,0.6,1.0,1.7,7.9
159,122,Gorgui Dieng\dienggo01,C,31,SAS,3,0,8.0,0.7,2.3,0.286,0.3,1.3,0.25,0.3,1.0,0.333,0.357,1.3,2.0,0.667,0.0,0.7,0.7,0.0,0.7,0.0,0.7,1.7,3.0
160,123,Spencer Dinwiddie\dinwisp01,SG,27,BRK,3,3,21.3,2.0,5.3,0.375,0.7,2.3,0.286,1.3,3.0,0.444,0.438,2.0,2.0,1.0,0.0,4.3,4.3,3.0,0.7,0.3,1.7,1.3,6.7
161,124,Donte DiVincenzo\divindo01,SG,24,MIL,51,51,27.5,3.9,9.5,0.417,2.0,5.3,0.384,1.9,4.2,0.458,0.524,0.8,1.1,0.722,1.2,4.4,5.6,3.1,1.2,0.2,1.4,1.6,10.7
162,125,Luka Dončić\doncilu01,PG,21,DAL,48,48,35.0,10.2,20.9,0.486,3.0,8.1,0.366,7.2,12.8,0.562,0.557,5.3,7.1,0.739,0.8,7.2,8.0,8.6,1.0,0.6,4.3,2.2,28.6
163,126,Luguentz Dort\dortlu01,SG,21,OKC,43,43,29.5,4.6,11.7,0.396,2.1,6.0,0.342,2.6,5.6,0.455,0.485,2.0,2.7,0.733,0.7,2.9,3.6,1.6,0.9,0.4,1.5,2.5,13.3
164,127,Damyean Dotson\dotsoda01,SG,26,CLE,35,6,18.8,2.5,6.3,0.394,0.9,3.3,0.278,1.6,3.0,0.519,0.466,0.6,0.9,0.688,0.1,1.9,2.0,2.1,0.4,0.1,0.8,0.9,6.5
165,128,Devon Dotson\dotsode01,PG,21,CHI,3,0,5.0,0.7,1.3,0.5,0.0,0.0,,0.7,1.3,0.5,0.5,0.0,0.0,,0.3,0.3,0.7,0.0,0.3,0.0,0.0,0.3,1.3
166,129,Sekou Doumbouya\doumbse01,PF,20,DET,45,2,13.1,1.4,4.2,0.346,0.4,1.8,0.241,1.0,2.3,0.429,0.399,0.6,0.8,0.778,0.5,1.6,2.1,0.6,0.4,0.1,0.7,1.6,4.0
167,130,PJ Dozier\doziepj01,SG,24,DEN,39,0,19.9,2.5,6.1,0.415,0.8,2.5,0.34,1.7,3.6,0.468,0.485,0.9,1.5,0.614,0.7,2.9,3.6,1.6,0.6,0.4,0.8,1.8,6.8
168,131,Goran Dragić\dragigo01,PG,34,MIA,35,10,26.6,4.7,10.8,0.432,1.5,4.7,0.331,3.1,6.1,0.509,0.504,2.1,2.6,0.824,0.3,3.0,3.4,4.5,0.6,0.2,2.6,2.3,13.0
169,132,Andre Drummond\drumman01,C,27,TOT,30,30,27.8,6.6,14.0,0.471,0.0,0.3,0.0,6.6,13.7,0.481,0.471,2.9,4.8,0.6,3.8,9.0,12.8,2.3,1.6,1.1,3.2,3.0,16.1
170,132,Andre Drummond\drumman01,C,27,CLE,25,25,28.9,7.2,15.2,0.474,0.0,0.3,0.0,7.2,14.9,0.484,0.474,3.1,5.2,0.597,4.0,9.4,13.5,2.6,1.6,1.2,3.2,2.8,17.5
171,132,Andre Drummond\drumman01,C,27,LAL,5,5,22.6,3.6,8.0,0.45,0.0,0.0,,3.6,8.0,0.45,0.45,2.0,3.2,0.625,2.6,6.6,9.2,1.2,1.4,0.6,3.0,4.0,9.2
172,133,Jared Dudley\dudleja01,PF,35,LAL,11,0,6.9,0.2,0.6,0.286,0.2,0.5,0.4,0.0,0.2,0.0,0.429,0.0,0.0,,0.4,1.4,1.7,0.5,0.1,0.1,0.2,0.6,0.5
173,134,Kevin Durant\duranke01,PF,32,BRK,22,20,34.0,9.6,18.0,0.535,2.5,5.7,0.448,7.1,12.3,0.576,0.606,6.4,7.3,0.876,0.4,6.7,7.1,5.2,0.6,1.3,3.9,2.0,28.2
174,135,Anthony Edwards\edwaran01,SG,19,MIN,55,38,31.4,6.6,16.5,0.398,2.1,6.8,0.312,4.5,9.7,0.459,0.463,2.7,3.5,0.791,0.9,3.6,4.5,2.6,1.1,0.4,2.1,1.7,18.0
175,136,Carsen Edwards\edwarca01,SG,22,BOS,22,1,8.9,1.7,3.7,0.463,0.6,2.0,0.302,1.1,1.8,0.641,0.543,0.3,0.4,0.778,0.1,0.8,0.9,0.5,0.2,0.0,0.1,1.0,4.4
176,137,CJ Elleby\ellebcj01,SF,20,POR,21,0,7.3,0.9,2.3,0.388,0.3,1.3,0.222,0.6,1.0,0.591,0.449,0.3,0.5,0.636,0.4,0.7,1.0,0.2,0.3,0.1,0.1,1.0,2.4
177,138,Henry Ellenson\ellenhe01,PF,24,TOR,2,0,19.0,2.5,7.0,0.357,1.0,4.5,0.222,1.5,2.5,0.6,0.429,1.5,2.0,0.75,1.5,4.5,6.0,2.5,0.0,0.0,0.0,3.5,7.5
178,139,Wayne Ellington\ellinwa01,SG,33,DET,39,29,22.2,3.4,7.5,0.447,2.6,6.1,0.424,0.8,1.5,0.544,0.618,0.7,0.8,0.788,0.3,1.6,1.8,1.5,0.4,0.2,0.7,1.4,9.9
179,140,Joel Embiid\embiijo01,C,26,PHI,36,36,32.1,9.3,17.8,0.52,1.1,3.0,0.383,8.1,14.8,0.547,0.551,9.9,11.6,0.852,2.1,8.9,11.0,3.1,1.1,1.5,3.1,2.5,29.6
180,141,James Ennis\ennisja01,SF,30,ORL,37,33,24.0,2.8,5.9,0.472,1.0,2.5,0.418,1.8,3.4,0.512,0.56,1.7,2.1,0.816,1.1,2.9,4.1,1.5,0.8,0.2,0.9,2.1,8.3
181,142,Drew Eubanks\eubandr01,C,23,SAS,34,0,13.0,1.8,3.5,0.517,0.0,0.0,1.0,1.8,3.4,0.513,0.521,1.1,1.6,0.709,0.9,2.8,3.7,0.8,0.2,1.0,0.8,1.4,4.8
182,143,Dante Exum\exumda01,SG,25,CLE,6,3,19.3,1.7,4.3,0.385,0.3,1.8,0.182,1.3,2.5,0.533,0.423,0.2,0.3,0.5,0.3,2.5,2.8,2.2,0.7,0.3,1.2,1.5,3.8
183,144,Tacko Fall\fallta01,C,25,BOS,15,0,6.7,1.2,1.6,0.75,0.0,0.0,,1.2,1.6,0.75,0.75,0.3,0.9,0.308,0.7,1.8,2.5,0.1,0.1,0.8,0.3,1.1,2.7
184,145,Derrick Favors\favorde01,C,29,UTA,53,0,15.5,2.3,3.8,0.623,0.0,0.0,0.0,2.3,3.7,0.626,0.623,1.0,1.4,0.74,2.1,3.4,5.5,0.8,0.5,1.0,0.6,2.2,5.7
185,146,Cristiano Felício\feliccr01,C,28,CHI,10,0,4.5,0.3,0.4,0.75,0.0,0.0,,0.3,0.4,0.75,0.75,0.6,1.0,0.6,0.6,0.7,1.3,0.5,0.2,0.0,0.3,0.3,1.2
186,147,Terrance Ferguson\fergute01,SG,22,PHI,13,0,3.8,0.1,0.5,0.143,0.0,0.4,0.0,0.1,0.2,0.5,0.143,0.0,0.0,,0.0,0.1,0.1,0.2,0.1,0.0,0.3,0.5,0.2
187,148,Bruno Fernando\fernabr01,C,22,ATL,26,0,6.8,0.5,1.1,0.429,0.0,0.1,0.0,0.5,1.0,0.462,0.429,0.5,0.7,0.667,0.5,2.0,2.5,0.3,0.1,0.1,0.7,0.8,1.4
188,149,Yogi Ferrell\ferreyo01,PG,27,CLE,2,0,20.0,4.0,10.5,0.381,1.5,4.5,0.333,2.5,6.0,0.417,0.452,0.0,1.0,0.0,1.5,2.0,3.5,2.5,1.5,0.5,1.5,2.0,9.5
189,150,Dorian Finney-Smith\finnedo01,PF,27,DAL,42,42,32.0,3.3,7.5,0.438,1.8,4.9,0.362,1.5,2.6,0.582,0.557,0.6,0.7,0.8,1.7,3.9,5.6,1.6,0.9,0.5,0.6,2.5,9.0
190,151,Malik Fitts\fittsma01,PF,23,LAC,2,0,2.0,0.0,0.5,0.0,0.0,0.5,0.0,0.0,0.0,,0.0,0.0,0.0,,0.0,1.0,1.0,0.0,0.0,0.0,0.0,1.0,0.0
191,152,Malachi Flynn\flynnma01,PG,22,TOR,30,3,15.7,1.9,5.4,0.36,0.8,2.6,0.304,1.1,2.7,0.415,0.435,0.4,0.6,0.706,0.1,1.7,1.8,2.3,0.7,0.2,0.8,1.1,5.1
192,153,Bryn Forbes\forbebr01,SG,27,MIL,52,7,19.1,3.4,7.4,0.453,2.1,4.8,0.449,1.2,2.7,0.46,0.597,0.6,0.8,0.75,0.2,1.2,1.3,0.6,0.3,0.0,0.6,1.1,9.4
193,154,Trent Forrest\forretr01,PG,22,UTA,15,0,5.8,0.5,1.1,0.438,0.0,0.2,0.0,0.5,0.9,0.538,0.438,0.1,0.1,1.0,0.0,0.5,0.5,1.2,0.3,0.1,0.5,0.3,1.1
194,155,Evan Fournier\fournev01,SF-SG,28,TOT,30,26,30.1,6.2,13.6,0.457,2.8,7.0,0.398,3.4,6.5,0.52,0.56,3.4,4.2,0.795,0.2,2.6,2.7,3.4,1.1,0.4,1.9,2.2,18.6
195,155,Evan Fournier\fournev01,SF,28,ORL,26,26,30.3,6.5,14.2,0.461,2.8,7.2,0.388,3.7,7.0,0.536,0.56,3.8,4.7,0.797,0.2,2.7,2.9,3.7,1.0,0.3,2.1,2.1,19.7
196,155,Evan Fournier\fournev01,SG,28,BOS,4,0,28.8,4.0,9.5,0.421,2.8,5.8,0.478,1.3,3.8,0.333,0.566,0.8,1.0,0.75,0.0,1.8,1.8,1.8,1.3,0.8,1.0,2.5,11.5
197,156,De'Aaron Fox\foxde01,PG,23,SAC,53,53,35.0,9.1,18.9,0.479,1.9,5.7,0.329,7.2,13.2,0.543,0.528,5.1,7.2,0.705,0.5,2.9,3.4,7.1,1.4,0.5,3.1,3.0,25.0
198,157,Robert Franks\frankro01,PF,24,ORL,1,0,15.0,1.0,1.0,1.0,1.0,1.0,1.0,0.0,0.0,,1.5,1.0,2.0,0.5,2.0,2.0,4.0,1.0,0.0,0.0,2.0,2.0,4.0
199,158,Tim Frazier\fraziti01,PG,30,MEM,3,0,11.0,0.7,2.7,0.25,0.0,0.7,0.0,0.7,2.0,0.333,0.25,0.0,0.0,,0.0,1.3,1.3,2.3,0.3,0.0,1.0,1.3,1.3
200,159,Markelle Fultz\fultzma01,PG,22,ORL,8,8,26.9,5.1,13.0,0.394,0.5,2.0,0.25,4.6,11.0,0.42,0.413,2.1,2.4,0.895,0.6,2.5,3.1,5.4,1.0,0.3,2.3,2.3,12.9
201,160,Wenyen Gabriel\gabriwe01,PF,23,NOP,9,0,4.7,0.2,1.2,0.182,0.1,0.6,0.2,0.1,0.7,0.167,0.227,0.2,0.4,0.5,0.8,0.8,1.6,0.6,0.1,0.0,0.8,0.2,0.8
202,161,Daniel Gafford\gaffoda01,PF-C,22,TOT,35,11,12.7,2.3,3.3,0.702,0.0,0.0,,2.3,3.3,0.702,0.702,1.0,1.5,0.673,1.5,2.1,3.5,0.5,0.4,1.1,0.7,1.6,5.6
203,161,Daniel Gafford\gaffoda01,PF,22,CHI,31,11,12.4,1.9,2.8,0.69,0.0,0.0,,1.9,2.8,0.69,0.69,0.9,1.3,0.659,1.4,1.9,3.3,0.5,0.4,1.1,0.7,1.7,4.7
204,161,Daniel Gafford\gaffoda01,C,22,WAS,4,0,15.8,5.0,6.8,0.741,0.0,0.0,,5.0,6.8,0.741,0.741,2.0,2.8,0.727,1.8,3.3,5.0,0.5,0.8,1.5,1.0,0.8,12.0
205,162,Danilo Gallinari\gallida01,PF,32,ATL,39,4,24.0,4.0,9.5,0.425,2.1,5.2,0.407,1.9,4.2,0.448,0.538,3.2,3.4,0.933,0.3,3.8,4.1,1.4,0.6,0.2,1.0,2.1,13.4
206,163,Langston Galloway\gallola01,SG,29,PHO,34,0,11.1,1.7,3.6,0.471,0.9,2.1,0.451,0.7,1.5,0.5,0.603,0.5,0.5,1.0,0.1,0.9,1.0,0.7,0.2,0.0,0.3,0.7,4.8
207,164,Darius Garland\garlada01,PG,21,CLE,43,40,33.3,6.5,14.5,0.448,1.9,4.6,0.402,4.7,9.9,0.469,0.512,2.0,2.3,0.851,0.5,1.9,2.4,5.9,1.2,0.1,3.0,2.2,16.9
208,165,Marc Gasol\gasolma01,C,36,LAL,43,41,19.5,1.7,4.0,0.429,0.9,2.4,0.371,0.8,1.5,0.523,0.544,0.8,1.0,0.75,0.7,3.3,4.0,2.1,0.5,1.2,1.2,2.3,5.1
209,166,Rudy Gay\gayru01,PF,34,SAS,45,0,21.7,4.1,9.8,0.413,1.7,4.3,0.391,2.4,5.6,0.43,0.498,1.3,1.7,0.787,0.8,4.2,5.0,1.5,0.8,0.5,1.1,1.9,11.1
210,167,Paul George\georgpa01,SF,30,LAC,42,42,33.6,8.2,17.2,0.479,3.3,7.4,0.441,5.0,9.8,0.507,0.573,3.6,4.0,0.898,0.9,5.3,6.2,5.5,1.2,0.4,3.1,2.4,23.3
211,168,Taj Gibson\gibsota01,PF,35,NYK,28,1,20.3,1.9,3.3,0.565,0.1,0.5,0.214,1.8,2.8,0.628,0.582,1.1,1.5,0.698,2.0,3.2,5.2,0.7,0.8,0.9,0.6,2.1,4.9
212,169,Harry Giles\gilesha01,C,22,POR,30,0,10.3,1.1,2.5,0.427,0.2,0.5,0.467,0.8,2.0,0.417,0.473,0.5,0.7,0.682,1.0,3.0,3.9,0.8,0.2,0.3,0.6,1.7,2.9
213,170,Shai Gilgeous-Alexander\gilgesh01,SG,22,OKC,35,35,33.7,8.2,16.1,0.508,2.0,4.9,0.418,6.2,11.3,0.547,0.571,5.3,6.5,0.808,0.5,4.2,4.7,5.9,0.8,0.7,3.0,2.0,23.7
214,171,Anthony Gill\gillan01,PF,28,WAS,17,1,5.4,0.4,1.2,0.35,0.1,0.7,0.167,0.3,0.5,0.625,0.4,0.2,0.3,0.8,0.5,1.1,1.6,0.2,0.2,0.1,0.2,0.6,1.2
215,172,Freddie Gillespie\gillefr01,PF,23,TOR,3,0,13.0,1.7,2.7,0.625,0.0,0.0,,1.7,2.7,0.625,0.625,0.0,0.0,,0.7,1.3,2.0,0.3,1.0,0.7,0.3,1.3,3.3
216,173,Rudy Gobert\goberru01,C,28,UTA,55,55,31.0,5.5,8.2,0.667,0.0,0.1,0.0,5.5,8.1,0.672,0.667,3.5,5.7,0.617,3.4,10.0,13.4,1.3,0.5,2.8,1.6,2.3,14.4
217,174,Brandon Goodwin\goodwbr01,PG,25,ATL,36,3,12.3,1.7,4.5,0.385,0.8,2.1,0.355,1.0,2.4,0.412,0.469,0.6,0.8,0.667,0.2,1.1,1.3,1.9,0.4,0.0,0.7,0.8,4.8
218,175,Aaron Gordon\gordoaa01,PF,25,TOT,34,34,29.0,5.0,10.7,0.463,1.4,4.0,0.363,3.5,6.8,0.522,0.53,2.3,3.6,0.642,1.4,4.6,6.0,3.8,0.7,0.8,2.2,1.9,13.7
219,175,Aaron Gordon\gordoaa01,PF,25,ORL,25,25,29.4,5.1,11.7,0.437,1.7,4.5,0.375,3.4,7.2,0.475,0.509,2.6,4.2,0.629,1.6,5.1,6.6,4.2,0.6,0.8,2.7,2.0,14.6
220,175,Aaron Gordon\gordoaa01,PF,25,DEN,9,9,27.9,4.6,8.0,0.569,0.8,2.6,0.304,3.8,5.4,0.694,0.618,1.4,2.0,0.722,0.9,3.4,4.3,2.6,0.9,0.8,1.0,1.7,11.3
221,176,Eric Gordon\gordoer01,SG,32,HOU,27,13,29.2,5.9,13.6,0.433,2.6,7.8,0.329,3.3,5.8,0.573,0.527,3.5,4.2,0.825,0.3,1.9,2.1,2.6,0.5,0.5,1.9,1.6,17.8
222,177,Devonte' Graham\grahade01,PG,25,CHO,43,37,29.7,4.5,11.8,0.377,3.1,8.2,0.374,1.4,3.6,0.385,0.507,2.2,2.6,0.823,0.4,2.3,2.7,5.1,1.0,0.1,1.6,1.3,14.2
223,178,Jerami Grant\grantje01,SF,26,DET,48,48,34.4,7.4,17.3,0.429,2.3,6.3,0.359,5.2,11.1,0.469,0.494,5.4,6.3,0.854,0.7,4.1,4.8,2.9,0.7,1.1,2.0,2.3,22.5
224,179,Danny Green\greenda02,SF,33,PHI,53,53,28.3,3.3,7.9,0.421,2.6,6.3,0.414,0.7,1.6,0.448,0.586,0.4,0.5,0.724,0.8,2.9,3.7,1.7,1.3,0.9,1.1,1.8,9.7
225,180,Draymond Green\greendr01,PF,30,GSW,46,46,30.6,2.5,5.9,0.418,0.5,2.0,0.269,1.9,3.9,0.494,0.463,1.1,1.4,0.778,0.9,5.5,6.5,8.4,1.6,0.7,2.9,3.2,6.6
226,181,JaMychal Green\greenja01,PF,30,DEN,41,4,18.4,2.9,6.4,0.455,1.4,3.4,0.397,1.6,3.0,0.52,0.561,0.8,1.0,0.829,1.5,3.6,5.1,0.8,0.5,0.3,1.0,2.6,8.0
227,182,Javonte Green\greenja02,SG-PG,27,TOT,28,2,13.2,1.4,2.8,0.519,0.3,0.8,0.304,1.2,1.9,0.611,0.565,0.7,1.1,0.667,0.8,1.3,2.1,0.4,0.7,0.1,0.6,1.3,3.8
228,182,Javonte Green\greenja02,SG,27,BOS,25,2,13.8,1.6,2.8,0.549,0.3,0.9,0.318,1.3,2.0,0.653,0.599,0.8,1.2,0.667,0.8,1.3,2.1,0.4,0.7,0.1,0.5,1.3,4.2
229,182,Javonte Green\greenja02,PG,27,CHI,3,0,8.0,0.3,2.0,0.167,0.0,0.3,0.0,0.3,1.7,0.2,0.167,0.0,0.0,,0.7,1.3,2.0,0.3,0.7,0.7,1.0,1.0,0.7
230,183,Jeff Green\greenje02,C,34,BRK,50,27,26.6,3.5,7.2,0.494,1.4,3.4,0.415,2.1,3.7,0.567,0.594,1.7,2.2,0.755,0.5,3.3,3.8,1.5,0.6,0.3,0.8,1.8,10.2
231,184,Josh Green\greenjo02,SG,20,DAL,28,5,10.1,0.9,2.1,0.433,0.1,0.6,0.118,0.9,1.5,0.558,0.45,0.3,0.5,0.6,0.6,1.3,1.9,0.5,0.3,0.1,0.5,0.7,2.3
232,185,Blake Griffin\griffbl01,PF,31,TOT,29,21,27.5,3.6,9.3,0.387,1.6,5.0,0.324,2.0,4.3,0.46,0.474,2.0,2.8,0.728,0.4,4.4,4.8,3.3,0.7,0.2,1.5,2.1,10.8
233,185,Blake Griffin\griffbl01,PF,31,DET,20,20,31.3,4.1,11.1,0.365,2.0,6.2,0.315,2.1,4.9,0.429,0.453,2.2,3.1,0.71,0.4,4.9,5.2,3.9,0.7,0.1,1.6,2.1,12.3
234,185,Blake Griffin\griffbl01,PF,31,BRK,9,1,19.0,2.6,5.2,0.489,0.9,2.3,0.381,1.7,2.9,0.577,0.574,1.7,2.1,0.789,0.4,3.6,4.0,2.1,0.7,0.4,1.2,2.2,7.7
235,186,Kyle Guy\guyky01,PG,23,SAC,22,0,6.9,1.0,2.6,0.379,0.5,1.5,0.313,0.5,1.2,0.462,0.466,0.5,0.5,0.833,0.1,0.9,1.0,0.9,0.2,0.0,0.2,0.6,2.9
236,187,Rui Hachimura\hachiru01,PF,22,WAS,44,44,31.6,5.3,11.2,0.474,0.8,2.5,0.327,4.5,8.7,0.516,0.51,2.4,3.1,0.774,0.9,5.0,5.9,1.5,0.8,0.1,1.3,2.2,13.9
237,188,Ashton Hagans\haganas01,PG,21,MIN,2,0,2.0,0.0,0.0,,0.0,0.0,,0.0,0.0,,,0.0,0.0,,0.0,0.0,0.0,0.0,0.0,0.0,0.5,0.0,0.0
238,189,Tyrese Haliburton\halibty01,PG,20,SAC,48,15,30.4,5.0,10.5,0.478,2.1,5.1,0.41,3.0,5.5,0.542,0.577,0.8,0.9,0.844,0.8,2.4,3.1,5.1,1.2,0.6,1.5,1.5,13.0
239,190,Josh Hall\halljo01,SF,20,OKC,13,0,12.5,0.7,3.2,0.214,0.2,1.4,0.111,0.5,1.8,0.292,0.238,1.2,2.1,0.556,0.1,1.8,1.9,1.4,0.0,0.0,1.2,1.5,2.7
240,191,R.J. Hampton\hamptrj01,PG-SG,19,TOT,34,1,13.0,1.9,4.1,0.454,0.4,1.2,0.31,1.5,2.9,0.515,0.5,0.5,0.8,0.607,0.5,2.2,2.7,0.8,0.4,0.1,0.7,1.0,4.6
241,191,R.J. Hampton\hamptrj01,PG,19,DEN,25,0,9.3,1.0,2.4,0.417,0.2,0.7,0.278,0.8,1.7,0.476,0.458,0.4,0.5,0.75,0.4,1.6,2.0,0.6,0.2,0.1,0.4,0.9,2.6
242,191,R.J. Hampton\hamptrj01,SG,19,ORL,9,1,23.3,4.3,9.0,0.481,0.9,2.7,0.333,3.4,6.3,0.544,0.531,0.9,1.8,0.5,0.7,3.9,4.6,1.3,0.9,0.2,1.6,1.3,10.4
243,192,Tim Hardaway Jr.\hardati02,SG,28,DAL,52,20,28.7,5.7,12.8,0.441,2.9,7.4,0.392,2.8,5.4,0.509,0.555,1.8,2.3,0.8,0.3,3.1,3.4,1.7,0.5,0.1,0.9,1.5,16.1
244,193,James Harden\hardeja01,PG-SG,31,TOT,42,42,37.1,8.0,17.2,0.463,2.8,7.8,0.358,5.2,9.4,0.549,0.544,6.5,7.5,0.87,0.8,7.2,8.0,10.9,1.2,0.7,4.1,2.3,25.2
245,193,James Harden\hardeja01,SG,31,HOU,8,8,36.3,7.5,16.9,0.444,3.1,9.0,0.347,4.4,7.9,0.556,0.537,6.6,7.5,0.883,0.6,4.5,5.1,10.4,0.9,0.8,4.3,1.8,24.8
246,193,James Harden\hardeja01,PG,31,BRK,34,34,37.3,8.1,17.3,0.467,2.7,7.5,0.361,5.4,9.8,0.548,0.545,6.5,7.5,0.867,0.9,7.8,8.7,11.0,1.3,0.7,4.1,2.4,25.4
247,194,Maurice Harkless\harklma01,SF-PF,27,TOT,20,6,15.3,1.2,2.9,0.421,0.6,1.9,0.297,0.7,1.0,0.65,0.518,0.5,0.7,0.692,0.2,1.6,1.7,0.9,0.5,0.4,0.4,1.9,3.4
248,194,Maurice Harkless\harklma01,SF,27,MIA,11,3,11.3,0.5,1.2,0.385,0.5,1.0,0.455,0.0,0.2,0.0,0.577,0.0,0.2,0.0,0.2,1.0,1.2,0.6,0.2,0.4,0.3,1.3,1.4
249,194,Maurice Harkless\harklma01,PF,27,SAC,9,3,20.1,2.1,4.9,0.432,0.7,2.9,0.231,1.4,2.0,0.722,0.5,1.0,1.2,0.818,0.1,2.2,2.3,1.2,0.8,0.3,0.6,2.6,5.9
250,195,Jared Harper\harpeja01,PG,23,NYK,4,0,2.3,0.0,0.5,0.0,0.0,0.0,,0.0,0.5,0.0,0.0,0.5,0.5,1.0,0.0,0.0,0.0,0.0,0.0,0.0,0.5,0.0,0.5
251,196,Montrezl Harrell\harremo01,C,27,LAL,55,1,24.5,5.7,9.3,0.621,0.0,0.2,0.0,5.7,9.1,0.633,0.621,2.7,3.9,0.708,2.4,4.2,6.6,1.1,0.7,0.8,1.1,1.9,14.2
252,197,Gary Harris\harriga01,SG,26,TOT,21,20,29.8,3.6,8.4,0.426,1.2,3.8,0.313,2.4,4.6,0.521,0.497,1.2,1.6,0.765,0.7,1.7,2.4,1.7,0.9,0.2,0.8,1.9,9.6
253,197,Gary Harris\harriga01,SG,26,DEN,19,19,30.6,3.6,8.2,0.442,1.3,3.9,0.32,2.4,4.3,0.556,0.519,1.2,1.6,0.733,0.7,1.8,2.5,1.7,0.9,0.2,0.7,1.9,9.7
254,197,Gary Harris\harriga01,SG,26,ORL,2,1,22.5,3.0,10.0,0.3,0.5,2.5,0.2,2.5,7.5,0.333,0.325,2.0,2.0,1.0,0.5,1.0,1.5,1.5,0.5,0.5,1.5,1.0,8.5
255,198,Jalen Harris\harrija01,SG,22,TOR,4,0,3.5,0.3,1.0,0.25,0.3,0.5,0.5,0.0,0.5,0.0,0.375,0.0,0.0,,0.3,0.5,0.8,0.5,0.3,0.0,0.3,0.5,0.8
256,199,Joe Harris\harrijo01,SF,29,BRK,54,50,30.8,5.2,10.2,0.512,3.2,6.6,0.482,2.0,3.6,0.567,0.668,0.7,0.9,0.75,0.6,3.0,3.7,1.9,0.6,0.2,0.8,2.1,14.2
257,200,Tobias Harris\harrito02,PF,28,PHI,48,48,33.3,7.9,15.2,0.518,1.4,3.5,0.402,6.5,11.7,0.553,0.564,3.2,3.6,0.884,1.0,6.2,7.3,3.6,0.9,0.9,1.9,2.0,20.4
258,201,Shaquille Harrison\harrish01,SG,27,UTA,17,0,3.3,0.4,1.2,0.3,0.0,0.1,0.0,0.4,1.1,0.333,0.3,0.3,0.4,0.833,0.2,0.4,0.5,0.5,0.1,0.0,0.3,0.2,1.0
259,202,Josh Hart\hartjo01,SF,25,NOP,47,4,28.7,3.2,7.3,0.439,1.3,4.1,0.326,1.9,3.2,0.583,0.531,1.5,1.9,0.775,1.1,6.9,8.0,2.3,0.8,0.3,1.0,2.4,9.2
260,203,Isaiah Hartenstein\harteis01,C,22,TOT,37,2,11.8,1.8,3.4,0.544,0.1,0.1,0.4,1.8,3.2,0.55,0.552,1.0,1.6,0.623,1.5,2.5,4.0,1.1,0.4,0.8,0.8,2.3,4.8
261,203,Isaiah Hartenstein\harteis01,C,22,DEN,30,0,9.1,1.4,2.7,0.513,0.0,0.0,,1.4,2.7,0.513,0.513,0.7,1.2,0.611,1.3,1.5,2.8,0.5,0.4,0.7,0.7,2.0,3.5
262,203,Isaiah Hartenstein\harteis01,C,22,CLE,7,2,23.4,3.9,6.4,0.6,0.3,0.7,0.4,3.6,5.7,0.625,0.622,2.3,3.6,0.64,2.0,6.9,8.9,3.4,0.4,1.6,1.3,3.6,10.3
263,204,Jaxson Hayes\hayesja02,C,20,NOP,42,3,14.8,2.5,3.8,0.658,0.1,0.1,0.5,2.5,3.7,0.665,0.668,1.2,1.6,0.75,1.2,2.6,3.8,0.6,0.4,0.5,0.7,1.8,6.3
264,205,Killian Hayes\hayeski01,PG,19,DET,11,7,20.9,2.0,6.3,0.319,0.6,2.5,0.259,1.4,3.8,0.357,0.37,0.3,0.4,0.75,0.2,1.8,2.0,3.5,0.6,0.4,2.5,1.8,4.9
265,206,Gordon Hayward\haywago01,SF,30,CHO,44,44,34.0,7.1,15.0,0.473,1.9,4.7,0.415,5.1,10.3,0.499,0.537,3.5,4.2,0.843,0.8,5.0,5.9,4.1,1.2,0.3,2.1,1.7,19.6
266,207,Juan Hernangómez\hernaju01,PF,25,MIN,36,6,16.2,2.2,5.1,0.422,0.9,2.8,0.313,1.3,2.4,0.547,0.505,1.1,1.7,0.667,0.9,3.1,4.1,0.6,0.4,0.1,0.4,0.9,6.3
267,208,Willy Hernangómez\hernawi01,C,26,NOP,32,2,15.6,2.7,4.9,0.544,0.0,0.3,0.125,2.7,4.7,0.567,0.547,0.9,1.5,0.604,2.3,3.9,6.3,0.9,0.3,0.5,0.5,1.0,6.3
268,209,Tyler Herro\herroty01,SG,21,MIA,43,14,31.5,5.8,13.3,0.432,1.9,5.6,0.338,3.9,7.8,0.5,0.503,2.0,2.5,0.811,0.5,4.5,5.0,3.3,0.7,0.4,2.0,1.3,15.4
269,210,Buddy Hield\hieldbu01,SG,28,SAC,53,53,34.5,5.7,14.3,0.396,4.0,10.5,0.382,1.6,3.8,0.437,0.537,1.2,1.4,0.842,0.4,4.2,4.5,3.2,0.8,0.3,1.7,2.6,16.5
270,211,George Hill\hillge01,PG,34,OKC,14,14,26.4,4.4,8.6,0.508,1.6,4.1,0.386,2.8,4.5,0.619,0.6,1.5,1.8,0.84,0.6,1.5,2.1,3.1,0.9,0.1,0.9,0.9,11.8
271,212,Solomon Hill\hillso01,PF,29,ATL,54,9,20.2,1.5,4.2,0.366,1.0,3.1,0.321,0.5,1.1,0.492,0.485,0.4,0.6,0.767,0.6,2.0,2.6,1.0,0.7,0.2,0.6,1.6,4.5
272,213,Nate Hinton\hintona01,SG,21,DAL,14,0,3.4,0.6,1.4,0.4,0.1,0.4,0.167,0.5,1.0,0.5,0.425,0.3,0.4,0.667,0.1,0.3,0.4,0.3,0.3,0.1,0.3,0.2,1.5
273,214,Jaylen Hoard\hoardja01,SF,21,OKC,5,0,21.2,3.0,6.2,0.484,0.0,0.8,0.0,3.0,5.4,0.556,0.484,2.6,3.0,0.867,1.2,1.8,3.0,0.8,0.4,0.2,1.4,1.4,8.6
274,215,Aaron Holiday\holidaa01,PG,24,IND,51,6,17.6,2.7,6.8,0.399,1.1,2.9,0.376,1.6,3.9,0.416,0.48,0.8,1.1,0.768,0.2,1.1,1.2,1.7,0.6,0.2,0.9,1.6,7.4
275,216,Jrue Holiday\holidjr01,PG,30,MIL,41,38,31.7,6.8,13.4,0.506,1.9,4.8,0.4,4.9,8.6,0.565,0.577,1.6,2.0,0.827,1.3,3.3,4.6,5.4,1.7,0.5,2.1,1.7,17.1
276,217,Justin Holiday\holidju01,SG,31,IND,53,44,31.3,3.7,8.9,0.419,2.5,6.5,0.383,1.3,2.5,0.511,0.557,1.0,1.2,0.8,0.5,3.2,3.7,1.7,1.2,0.4,0.8,2.0,10.9
277,218,Rondae Hollis-Jefferson\holliro01,PF,26,POR,2,0,6.0,0.5,1.0,0.5,0.0,0.5,0.0,0.5,0.5,1.0,0.5,1.0,2.0,0.5,0.0,0.5,0.5,1.5,0.5,0.0,0.5,2.5,2.0
278,219,Richaun Holmes\holmeri01,C,27,SAC,50,50,30.0,5.9,9.3,0.641,0.0,0.2,0.2,5.9,9.1,0.651,0.644,2.2,2.8,0.797,2.6,6.4,8.9,1.7,0.7,1.6,1.2,3.6,14.1
279,220,Rodney Hood\hoodro01,SF,28,TOT,45,5,18.8,1.9,5.2,0.364,0.7,2.3,0.305,1.2,2.9,0.412,0.432,0.3,0.4,0.789,0.4,1.5,2.0,1.1,0.5,0.1,0.8,1.5,4.9
280,220,Rodney Hood\hoodro01,SF,28,POR,38,5,19.1,1.9,5.3,0.363,0.7,2.2,0.298,1.3,3.1,0.41,0.425,0.2,0.3,0.75,0.5,1.4,1.9,1.2,0.5,0.1,0.8,1.6,4.7
281,220,Rodney Hood\hoodro01,SF,28,TOR,7,0,16.9,1.9,5.0,0.371,1.0,3.0,0.333,0.9,2.0,0.429,0.471,0.9,1.0,0.857,0.3,1.9,2.1,0.3,0.1,0.3,0.6,1.4,5.6
282,221,Al Horford\horfoal01,C,34,OKC,28,28,27.9,5.8,12.9,0.45,2.0,5.4,0.368,3.8,7.4,0.51,0.528,0.6,0.8,0.818,1.0,5.7,6.7,3.4,0.9,0.9,1.0,1.7,14.2
283,222,Talen Horton-Tucker\hortota01,SG,20,LAL,50,3,19.5,3.3,7.5,0.437,0.6,2.1,0.269,2.7,5.4,0.502,0.475,1.4,1.7,0.81,0.4,2.3,2.7,2.5,0.9,0.4,1.5,2.0,8.5
284,223,Danuel House\houseda01,SF,27,HOU,31,21,27.2,3.2,7.9,0.406,1.6,4.5,0.36,1.6,3.4,0.467,0.508,1.3,1.9,0.661,0.6,3.3,3.9,1.9,0.6,0.5,1.0,2.0,9.3
285,224,Dwight Howard\howardw01,C,35,PHI,54,5,17.4,2.5,4.3,0.583,0.1,0.3,0.25,2.4,4.0,0.607,0.591,1.8,3.0,0.579,2.6,5.6,8.3,0.7,0.4,0.9,1.8,3.0,6.8
286,225,Markus Howard\howarma02,SG,21,DEN,25,0,3.3,0.4,1.7,0.233,0.2,1.2,0.167,0.2,0.5,0.385,0.291,0.0,0.1,0.5,0.0,0.3,0.3,0.4,0.1,0.0,0.2,0.5,1.0
287,226,Kevin Huerter\huertke01,SG,22,ATL,55,40,30.8,4.5,10.6,0.423,2.0,5.6,0.362,2.4,4.9,0.493,0.52,0.8,0.9,0.827,0.6,2.7,3.2,3.5,1.1,0.2,1.2,2.4,11.8
288,227,Elijah Hughes\hugheel01,SF,22,UTA,11,0,3.5,0.7,1.7,0.421,0.5,1.3,0.429,0.2,0.5,0.4,0.579,0.3,0.4,0.75,0.0,0.6,0.6,0.4,0.1,0.1,0.5,0.0,2.3
289,228,De'Andre Hunter\huntede01,SF,23,ATL,20,18,31.3,5.6,11.2,0.502,1.6,4.4,0.356,4.1,6.8,0.596,0.572,3.3,3.8,0.867,0.8,4.3,5.1,2.1,0.9,0.5,1.4,2.7,16.0
290,229,Chandler Hutchison\hutchch01,SF,24,TOT,13,0,13.5,1.4,4.2,0.333,0.2,1.0,0.231,1.2,3.2,0.366,0.361,0.7,0.8,0.818,0.3,3.0,3.3,0.7,0.3,0.0,1.1,1.3,3.7
291,229,Chandler Hutchison\hutchch01,SF,24,CHI,7,0,9.1,0.7,2.6,0.278,0.1,0.4,0.333,0.6,2.1,0.267,0.306,0.3,0.3,1.0,0.1,2.7,2.9,0.6,0.1,0.0,0.7,1.3,1.9
292,229,Chandler Hutchison\hutchch01,SF,24,WAS,6,0,18.7,2.2,6.0,0.361,0.3,1.7,0.2,1.8,4.3,0.423,0.389,1.2,1.5,0.778,0.5,3.3,3.8,0.8,0.5,0.0,1.5,1.3,5.8
293,230,Serge Ibaka\ibakase01,C,31,LAC,39,39,23.6,4.5,8.9,0.507,1.0,2.8,0.352,3.5,6.1,0.577,0.562,0.9,1.2,0.822,1.7,4.9,6.7,1.7,0.2,1.2,1.1,1.9,10.9
294,231,Andre Iguodala\iguodan01,SF,37,MIA,49,2,21.3,1.5,4.0,0.371,1.0,3.1,0.325,0.5,0.9,0.522,0.495,0.4,0.7,0.636,0.6,3.1,3.7,2.0,1.0,0.5,1.0,1.3,4.4
295,232,Ersan İlyasova\ilyaser01,PF,33,UTA,7,0,6.3,0.6,2.1,0.267,0.4,1.9,0.231,0.1,0.3,0.5,0.367,0.4,0.4,1.0,0.4,0.9,1.3,0.3,0.3,0.0,0.3,1.1,2.0
296,233,Joe Ingles\inglejo01,SF,33,UTA,50,14,26.8,4.1,7.8,0.521,2.7,5.5,0.487,1.4,2.3,0.602,0.694,1.1,1.3,0.864,0.4,3.2,3.6,4.2,0.7,0.2,1.6,1.8,12.0
297,234,Brandon Ingram\ingrabr01,SF,23,NOP,49,49,34.4,8.5,18.0,0.471,2.4,6.3,0.383,6.1,11.7,0.518,0.538,4.6,5.3,0.88,0.6,4.4,5.0,4.8,0.7,0.7,2.5,2.0,24.0
298,235,Kyrie Irving\irvinky01,PG,28,BRK,38,38,35.2,10.6,20.7,0.514,2.8,7.0,0.398,7.8,13.7,0.573,0.581,3.6,3.9,0.907,1.1,3.7,4.8,6.0,1.2,0.6,2.2,2.8,27.6
299,236,Wesley Iwundu\iwundwe01,SF,26,TOT,30,4,14.1,0.9,2.6,0.354,0.2,1.2,0.143,0.8,1.5,0.523,0.386,0.8,0.9,0.852,0.3,1.9,2.3,0.5,0.4,0.1,0.5,1.3,2.8
300,236,Wesley Iwundu\iwundwe01,SF,26,DAL,23,3,12.5,0.7,2.3,0.327,0.1,1.0,0.13,0.6,1.3,0.483,0.356,0.5,0.6,0.857,0.3,1.7,1.9,0.4,0.4,0.1,0.3,1.1,2.1
301,236,Wesley Iwundu\iwundwe01,SF,26,NOP,7,1,19.1,1.6,3.9,0.407,0.3,1.7,0.167,1.3,2.1,0.6,0.444,1.6,1.9,0.846,0.6,2.9,3.4,0.6,0.6,0.1,1.4,1.9,5.0
302,237,Frank Jackson\jacksfr01,PG,22,DET,25,4,14.7,2.5,5.5,0.449,1.2,3.0,0.419,1.2,2.6,0.484,0.562,1.3,1.5,0.865,0.4,1.4,1.7,0.7,0.3,0.0,0.8,1.0,7.5
303,238,Josh Jackson\jacksjo02,SG,23,DET,49,14,24.6,4.8,11.2,0.426,1.3,4.1,0.312,3.5,7.1,0.491,0.483,2.3,3.2,0.716,0.9,3.1,4.1,2.1,0.9,0.7,2.1,2.8,13.1
304,239,Justin Jackson\jacksju01,SF,25,OKC,33,3,16.5,2.6,6.4,0.406,1.0,3.4,0.306,1.6,3.1,0.515,0.486,0.9,1.1,0.857,0.4,1.7,2.2,1.5,0.5,0.1,0.9,0.9,7.2
305,240,Reggie Jackson\jacksre01,SG,30,LAC,53,31,22.0,3.7,8.0,0.458,1.6,3.8,0.422,2.1,4.2,0.489,0.557,1.0,1.3,0.797,0.3,2.4,2.8,3.1,0.6,0.1,1.1,2.0,9.9
306,241,Justin James\jamesju01,SF,24,SAC,25,0,6.0,0.7,1.7,0.429,0.2,0.7,0.294,0.5,1.0,0.52,0.488,0.2,0.5,0.417,0.1,0.3,0.4,0.6,0.1,0.0,0.2,0.4,1.8
307,242,LeBron James\jamesle01,PG,36,LAL,41,41,33.9,9.5,18.4,0.513,2.4,6.5,0.368,7.1,12.0,0.592,0.578,4.1,5.8,0.703,0.6,7.3,7.9,7.9,1.0,0.6,3.7,1.6,25.4
308,243,DaQuan Jeffries\jeffrda01,SG,23,TOT,19,2,12.4,1.3,3.0,0.421,0.5,1.5,0.321,0.8,1.5,0.517,0.5,0.3,0.4,0.857,0.5,1.1,1.5,0.4,0.4,0.2,0.4,1.2,3.3
309,243,DaQuan Jeffries\jeffrda01,SG,23,SAC,18,2,12.9,1.3,3.2,0.421,0.5,1.6,0.321,0.8,1.6,0.517,0.5,0.3,0.4,0.857,0.5,1.1,1.6,0.3,0.4,0.2,0.4,1.3,3.5
310,243,DaQuan Jeffries\jeffrda01,SG,23,HOU,1,0,3.0,0.0,0.0,,0.0,0.0,,0.0,0.0,,,0.0,0.0,,0.0,0.0,0.0,1.0,0.0,0.0,0.0,0.0,0.0
311,244,Ty Jerome\jeromty01,SG,23,OKC,21,1,25.2,3.7,8.6,0.433,2.1,5.2,0.404,1.6,3.4,0.479,0.556,0.5,0.8,0.588,0.5,2.5,3.0,3.6,0.6,0.2,1.3,1.9,10.0
312,245,Isaiah Joe\joeis01,SG,21,PHI,29,1,9.8,1.1,3.3,0.337,0.9,2.6,0.333,0.2,0.7,0.35,0.468,0.3,0.3,0.889,0.2,0.8,1.0,0.6,0.3,0.1,0.2,0.9,3.3
313,246,Alize Johnson\johnsal02,PF,24,BRK,7,0,12.9,3.4,5.1,0.667,0.0,0.4,0.0,3.4,4.7,0.727,0.667,0.1,0.1,1.0,1.6,3.6,5.1,0.9,0.4,0.3,0.4,0.6,7.0
314,247,Cameron Johnson\johnsca02,PF,24,PHO,48,9,23.3,3.5,7.8,0.45,2.1,5.4,0.394,1.4,2.4,0.579,0.587,0.8,0.9,0.867,0.5,2.8,3.3,1.4,0.6,0.3,0.8,1.5,9.9
315,248,James Johnson\johnsja01,PF,33,TOT,37,6,19.6,2.6,5.8,0.453,0.6,2.3,0.282,2.0,3.5,0.566,0.509,0.8,1.3,0.617,0.6,2.6,3.2,2.0,0.9,0.9,1.1,2.2,6.7
316,248,James Johnson\johnsja01,PF,33,DAL,29,1,17.4,2.3,5.0,0.462,0.5,2.1,0.25,1.8,2.9,0.612,0.514,0.6,1.0,0.586,0.5,2.5,3.0,1.7,0.8,0.8,0.9,2.0,5.7
317,248,James Johnson\johnsja01,PF,33,NOP,8,5,27.9,3.8,8.6,0.435,1.1,3.1,0.36,2.6,5.5,0.477,0.5,1.5,2.3,0.667,0.9,3.0,3.9,3.0,1.1,1.4,1.6,3.0,10.1
318,249,Keldon Johnson\johnske04,SF,21,SAS,49,47,28.6,4.9,10.3,0.476,0.9,2.6,0.328,4.0,7.7,0.527,0.518,2.2,3.0,0.735,1.5,5.0,6.5,1.8,0.5,0.5,1.1,2.2,12.9
319,250,Stanley Johnson\johnsst04,PF,24,TOR,47,6,14.7,1.1,2.7,0.388,0.6,1.6,0.342,0.5,1.1,0.453,0.488,0.4,0.5,0.792,0.4,1.9,2.3,1.2,0.7,0.3,0.7,1.8,3.1
320,251,Tyler Johnson\johnsty01,SG,28,BRK,31,2,16.8,1.8,4.6,0.394,1.2,3.3,0.376,0.6,1.3,0.439,0.528,0.5,0.6,0.842,0.2,1.7,1.9,0.9,0.4,0.0,0.4,1.0,5.4
321,252,Nikola Jokić\jokicni01,C,25,DEN,54,54,35.4,10.3,18.2,0.565,1.4,3.4,0.418,8.9,14.9,0.599,0.604,4.1,4.8,0.854,2.9,8.1,10.9,8.8,1.5,0.6,3.1,2.7,26.2
322,253,Damian Jones\jonesda03,C,25,TOT,23,6,9.8,1.1,1.5,0.735,0.0,0.0,0.0,1.1,1.4,0.758,0.735,0.7,1.0,0.739,0.7,1.3,2.0,0.3,0.1,0.6,0.5,1.9,2.9
323,253,Damian Jones\jonesda03,C,25,PHO,14,0,6.7,0.6,1.1,0.5,0.0,0.1,0.0,0.6,1.1,0.533,0.5,0.4,0.8,0.545,0.5,0.8,1.3,0.3,0.1,0.4,0.4,1.4,1.6
324,253,Damian Jones\jonesda03,C,25,LAL,8,6,14.0,2.0,2.1,0.941,0.0,0.0,,2.0,2.1,0.941,0.941,1.4,1.5,0.917,1.0,2.3,3.3,0.1,0.1,0.9,0.6,2.8,5.4
325,253,Damian Jones\jonesda03,C,25,SAC,1,0,19.0,1.0,1.0,1.0,0.0,0.0,,1.0,1.0,1.0,1.0,0.0,0.0,,1.0,1.0,2.0,2.0,1.0,1.0,1.0,2.0,2.0
326,254,Derrick Jones Jr.\jonesde02,SF,23,POR,49,40,24.6,2.8,5.7,0.489,0.9,2.6,0.331,1.9,3.1,0.621,0.564,1.1,1.7,0.634,1.5,2.5,4.0,0.8,0.7,1.0,0.6,2.3,7.5
327,255,Mason Jones\jonesma05,SG,22,TOT,30,1,10.7,1.7,4.0,0.425,0.8,2.2,0.364,0.9,1.8,0.5,0.525,1.2,1.9,0.614,0.2,1.6,1.8,1.4,0.2,0.0,0.9,0.7,5.4
328,255,Mason Jones\jonesma05,SG,22,HOU,26,1,11.8,1.8,4.4,0.412,0.9,2.5,0.359,0.9,1.9,0.48,0.513,1.3,2.2,0.614,0.2,1.8,2.0,1.5,0.2,0.0,1.1,0.8,5.8
329,255,Mason Jones\jonesma05,SG,22,PHI,4,0,3.8,1.0,1.5,0.667,0.3,0.5,0.5,0.8,1.0,0.75,0.75,0.0,0.0,,0.5,0.3,0.8,0.5,0.0,0.0,0.0,0.0,2.3
330,256,Tre Jones\jonestr01,PG,21,SAS,25,0,4.7,0.8,1.6,0.475,0.0,0.0,1.0,0.7,1.6,0.462,0.488,0.2,0.2,1.0,0.2,0.2,0.4,0.6,0.2,0.0,0.4,0.2,1.8
331,257,Tyus Jones\jonesty01,PG,24,MEM,52,8,19.3,2.8,6.5,0.437,0.7,2.2,0.319,2.2,4.3,0.496,0.49,0.6,0.7,0.914,0.4,1.9,2.3,4.0,1.0,0.1,0.8,0.5,7.0
332,258,DeAndre Jordan\jordade01,C,32,BRK,47,36,22.2,3.4,4.4,0.774,0.0,0.0,0.0,3.4,4.4,0.778,0.774,0.7,1.5,0.5,2.0,5.2,7.2,1.6,0.3,1.2,1.5,2.1,7.6
333,259,Cory Joseph\josepco01,PG,29,TOT,55,5,22.1,2.9,6.2,0.466,0.7,2.0,0.33,2.3,4.3,0.53,0.519,1.1,1.4,0.816,0.6,1.9,2.5,3.2,0.9,0.3,1.2,2.2,7.6
334,259,Cory Joseph\josepco01,PG,29,SAC,44,2,21.5,2.5,5.7,0.444,0.7,2.1,0.33,1.8,3.5,0.513,0.506,0.8,1.1,0.766,0.6,1.7,2.3,2.5,0.9,0.2,1.0,2.2,6.6
335,259,Cory Joseph\josepco01,PG,29,DET,11,3,24.8,4.5,8.5,0.527,0.5,1.4,0.333,4.0,7.1,0.564,0.554,2.4,2.6,0.897,0.5,2.7,3.3,6.1,1.2,0.5,1.9,2.3,11.7
336,260,Mfiondu Kabengele\kabenmf01,PF,23,TOT,25,0,4.6,0.4,1.4,0.306,0.2,0.8,0.238,0.2,0.6,0.4,0.375,0.2,0.2,0.833,0.0,0.7,0.8,0.2,0.2,0.1,0.3,0.9,1.3
337,260,Mfiondu Kabengele\kabenmf01,PF,23,LAC,23,0,4.1,0.4,1.4,0.281,0.2,0.8,0.222,0.2,0.6,0.357,0.344,0.2,0.3,0.833,0.0,0.6,0.6,0.2,0.1,0.1,0.3,0.8,1.2
338,260,Mfiondu Kabengele\kabenmf01,PF,23,CLE,2,0,10.0,1.0,2.0,0.5,0.5,1.5,0.333,0.5,0.5,1.0,0.625,0.0,0.0,,0.0,2.5,2.5,0.5,1.0,0.0,0.5,2.0,2.5
339,261,Frank Kaminsky\kaminfr01,C,27,PHO,33,13,14.8,2.5,5.3,0.469,0.8,1.9,0.406,1.7,3.4,0.505,0.543,0.7,1.1,0.629,0.7,2.9,3.6,1.6,0.3,0.4,0.5,1.3,6.4
340,262,Enes Kanter\kanteen01,C,28,POR,54,34,26.5,5.1,8.3,0.608,0.0,0.0,0.0,5.1,8.3,0.609,0.608,1.9,2.5,0.784,4.3,7.5,11.9,1.3,0.5,0.7,1.3,2.6,12.1
341,263,Luke Kennard\kennalu01,SG,24,LAC,50,12,19.2,3.0,6.2,0.489,1.6,3.4,0.47,1.4,2.8,0.511,0.617,0.3,0.4,0.842,0.2,2.4,2.6,1.7,0.3,0.2,0.8,1.6,7.9
342,264,Maxi Kleber\klebima01,PF,29,DAL,38,32,27.9,2.4,5.5,0.438,1.8,4.2,0.434,0.6,1.3,0.449,0.603,0.8,0.9,0.914,0.9,4.5,5.4,1.3,0.6,0.7,0.7,2.3,7.4
343,265,Nathan Knight\knighna01,PF,23,ATL,24,0,8.3,1.1,2.9,0.386,0.2,0.8,0.25,0.9,2.1,0.44,0.421,1.3,1.6,0.795,0.8,1.3,2.0,0.3,0.3,0.3,0.6,0.7,3.8
344,266,Kevin Knox\knoxke01,SF,21,NYK,35,0,12.5,1.5,3.8,0.403,1.0,2.4,0.405,0.6,1.4,0.4,0.53,0.4,0.5,0.778,0.3,1.3,1.6,0.5,0.3,0.2,0.5,1.0,4.5
345,267,John Konchar\konchjo01,SG,24,MEM,29,0,14.0,1.3,3.0,0.437,0.4,1.2,0.361,0.9,1.8,0.49,0.511,0.6,0.8,0.818,0.8,2.1,3.0,1.2,0.9,0.2,0.5,1.1,3.7
346,268,Furkan Korkmaz\korkmfu01,SG,23,PHI,43,6,19.1,3.1,7.7,0.406,1.8,4.7,0.373,1.3,2.9,0.46,0.521,1.2,1.7,0.726,0.3,1.8,2.1,1.2,0.9,0.2,0.9,1.2,9.2
347,269,Luke Kornet\kornelu01,PF-C,25,TOT,19,0,9.4,1.1,2.8,0.389,0.6,2.0,0.316,0.5,0.8,0.563,0.5,0.1,0.3,0.4,0.3,1.6,1.9,0.5,0.1,0.7,0.2,0.4,2.9
348,269,Luke Kornet\kornelu01,PF,25,CHI,13,0,7.2,0.7,2.1,0.333,0.5,1.8,0.261,0.2,0.3,0.75,0.444,0.2,0.3,0.5,0.1,1.1,1.2,0.3,0.2,0.5,0.1,0.1,2.0
349,269,Luke Kornet\kornelu01,C,25,BOS,6,0,14.2,2.0,4.5,0.444,1.0,2.5,0.4,1.0,2.0,0.5,0.556,0.0,0.2,0.0,0.8,2.7,3.5,1.0,0.0,1.2,0.3,1.2,5.0
350,270,Rodions Kurucs\kurucro01,SF-PF,22,TOT,18,0,6.3,0.4,1.5,0.296,0.2,1.0,0.222,0.2,0.5,0.444,0.37,0.1,0.1,0.5,0.3,0.9,1.2,0.6,0.4,0.2,0.6,0.6,1.2
351,270,Rodions Kurucs\kurucro01,PF,22,BRK,5,0,3.2,0.2,0.6,0.333,0.2,0.4,0.5,0.0,0.2,0.0,0.5,0.0,0.0,,0.0,0.6,0.6,0.4,0.0,0.0,0.0,0.2,0.6
352,270,Rodions Kurucs\kurucro01,SF,22,HOU,11,0,6.8,0.5,1.9,0.238,0.2,1.4,0.133,0.3,0.5,0.5,0.286,0.1,0.2,0.5,0.2,0.8,1.0,0.4,0.5,0.4,0.8,0.6,1.2
353,270,Rodions Kurucs\kurucro01,SF,22,MIL,2,0,11.0,1.0,1.5,0.667,0.5,0.5,1.0,0.5,1.0,0.5,0.833,0.0,0.0,,1.5,2.5,4.0,2.0,1.0,0.0,0.5,1.5,2.5
354,271,Kyle Kuzma\kuzmaky01,SF,25,LAL,52,22,28.2,4.9,11.4,0.432,2.0,5.8,0.347,2.9,5.6,0.521,0.52,1.0,1.4,0.676,1.8,4.8,6.7,1.6,0.4,0.6,1.8,1.7,12.8
355,272,Anthony Lamb\lamban01,SF,23,HOU,10,0,12.2,0.7,3.5,0.2,0.3,2.0,0.15,0.4,1.5,0.267,0.243,0.3,0.4,0.75,1.3,1.6,2.9,0.3,0.1,0.1,0.3,1.4,2.0
356,273,Jeremy Lamb\lambje01,SG,28,IND,33,8,21.0,3.2,7.5,0.425,1.4,3.5,0.393,1.8,3.9,0.454,0.518,2.1,2.2,0.946,0.7,2.9,3.6,1.4,0.9,0.6,0.6,1.9,9.9
357,274,Romeo Langford\langfro01,SG,21,BOS,6,1,13.3,1.0,3.0,0.333,0.5,1.2,0.429,0.5,1.8,0.273,0.417,0.5,0.5,1.0,1.0,1.3,2.3,0.3,0.3,0.2,0.5,0.8,3.0
358,275,Zach LaVine\lavinza01,SG,25,CHI,52,52,35.2,9.8,19.4,0.506,3.4,8.2,0.414,6.4,11.2,0.573,0.593,4.5,5.3,0.847,0.6,4.5,5.1,5.0,0.8,0.5,3.6,2.3,27.5
359,276,Jake Layman\laymaja01,SF,26,MIN,39,11,15.1,2.2,4.4,0.5,0.5,1.8,0.292,1.6,2.5,0.653,0.562,0.6,0.9,0.714,0.3,1.3,1.6,0.7,0.7,0.4,0.6,1.0,5.5
360,277,Jalen Lecque\lecquja01,PG,20,IND,4,0,3.0,0.3,2.3,0.111,0.0,0.3,0.0,0.3,2.0,0.125,0.111,0.8,0.8,1.0,0.5,0.8,1.3,0.5,0.0,0.0,0.0,0.0,1.3
361,278,Damion Lee\leeda03,SG,28,GSW,53,1,18.8,2.2,4.8,0.447,1.3,3.5,0.386,0.8,1.3,0.606,0.586,0.8,0.8,0.909,0.4,2.7,3.1,1.3,0.7,0.1,0.5,1.5,6.4
362,279,Saben Lee\leesa01,PG,21,DET,32,7,15.4,2.0,4.3,0.478,0.2,0.4,0.5,1.8,3.8,0.475,0.504,1.4,2.2,0.657,0.5,1.5,1.9,3.3,0.6,0.3,1.0,1.6,5.7
363,280,Alex Len\lenal01,C,27,TOT,45,23,15.6,2.6,4.3,0.613,0.2,0.5,0.318,2.5,3.8,0.651,0.631,1.1,1.9,0.6,1.0,2.8,3.8,0.9,0.3,1.1,0.9,2.0,6.6
364,280,Alex Len\lenal01,C,27,TOR,7,2,10.9,0.7,1.4,0.5,0.4,0.9,0.5,0.3,0.6,0.5,0.65,0.4,0.9,0.5,0.0,1.6,1.6,0.4,0.1,0.9,1.1,1.4,2.3
365,280,Alex Len\lenal01,C,27,WAS,38,21,16.4,3.0,4.8,0.62,0.1,0.4,0.25,2.9,4.4,0.655,0.63,1.3,2.1,0.608,1.2,3.0,4.2,0.9,0.3,1.1,0.8,2.1,7.4
366,281,Kawhi Leonard\leonaka01,SF,29,LAC,45,45,34.6,9.4,18.3,0.515,2.0,5.0,0.395,7.5,13.4,0.56,0.568,5.1,5.8,0.878,1.2,5.4,6.6,5.0,1.7,0.4,2.0,1.7,26.0
367,282,Meyers Leonard\leoname01,C,28,MIA,3,2,9.7,1.0,2.3,0.429,1.0,2.3,0.429,0.0,0.0,,0.643,0.3,0.7,0.5,0.0,2.3,2.3,0.7,0.0,0.0,0.7,1.7,3.3
368,283,Caris LeVert\leverca01,SG,26,TOT,29,21,30.8,6.9,15.9,0.431,1.7,5.3,0.31,5.2,10.6,0.492,0.483,2.6,3.3,0.8,0.7,3.8,4.5,5.1,1.4,0.5,1.9,1.9,18.0
369,283,Caris LeVert\leverca01,SG,26,BRK,12,4,27.8,7.3,16.7,0.435,1.8,5.3,0.349,5.4,11.4,0.474,0.49,2.2,2.8,0.765,0.8,3.5,4.3,6.0,1.1,0.5,2.2,1.7,18.5
370,283,Caris LeVert\leverca01,SG,26,IND,17,17,32.9,6.6,15.4,0.427,1.5,5.4,0.283,5.1,10.0,0.506,0.477,2.9,3.6,0.82,0.6,3.9,4.6,4.5,1.6,0.5,1.7,2.1,17.6
371,284,Kira Lewis Jr.\lewiski01,PG,19,NOP,36,0,15.9,2.6,6.3,0.42,0.8,2.1,0.351,1.9,4.1,0.456,0.48,0.6,0.8,0.767,0.2,1.0,1.2,2.3,0.8,0.2,0.6,1.6,6.7
372,285,Damian Lillard\lillada01,PG,30,POR,52,52,35.9,8.8,20.1,0.44,4.1,10.8,0.379,4.8,9.3,0.51,0.541,6.9,7.5,0.925,0.5,3.7,4.2,7.7,0.9,0.3,3.2,1.6,28.7
373,286,Nassir Little\littlna01,PF,20,POR,35,2,14.1,1.8,3.8,0.485,0.7,1.9,0.382,1.1,1.8,0.594,0.583,0.9,1.1,0.868,0.7,2.0,2.7,0.5,0.1,0.3,0.4,1.2,5.3
374,287,Kevon Looney\looneke01,C,24,GSW,43,16,16.0,1.5,2.7,0.551,0.1,0.3,0.308,1.4,2.4,0.581,0.568,0.5,0.7,0.69,1.7,2.5,4.1,1.9,0.4,0.4,0.6,2.0,3.6
375,288,Brook Lopez\lopezbr01,C,32,MIL,52,52,27.3,4.2,8.8,0.479,1.4,4.3,0.338,2.8,4.5,0.613,0.561,1.5,1.8,0.849,1.4,3.5,4.9,0.8,0.6,1.4,0.9,2.0,11.4
376,289,Robin Lopez\lopezro01,C,32,WAS,53,9,20.3,3.7,5.9,0.625,0.1,0.3,0.278,3.6,5.5,0.646,0.633,1.4,2.0,0.708,2.1,2.0,4.1,0.9,0.3,0.6,1.1,1.7,8.9
377,290,Kevin Love\loveke01,PF,32,CLE,10,10,20.3,3.4,8.7,0.391,2.2,5.9,0.373,1.2,2.8,0.429,0.517,2.0,2.6,0.769,0.6,4.8,5.4,2.0,0.6,0.2,1.5,1.2,11.0
378,291,Kyle Lowry\lowryky01,PG,34,TOR,40,40,34.6,5.6,12.9,0.437,2.7,6.9,0.391,2.9,6.0,0.49,0.542,3.1,3.6,0.88,0.8,4.7,5.5,7.3,1.1,0.3,2.9,3.2,17.1
379,292,Timothé Luwawu-Cabarrot\luwawti01,SF,25,BRK,47,7,19.3,2.3,6.5,0.359,1.4,4.4,0.316,1.0,2.1,0.45,0.466,0.6,0.8,0.806,0.5,1.9,2.4,1.3,0.6,0.1,0.8,1.9,6.7
380,293,Trey Lyles\lylestr01,PF,25,SAS,23,9,15.6,1.9,3.9,0.478,0.6,1.7,0.35,1.3,2.2,0.58,0.556,0.7,1.0,0.652,0.4,3.3,3.7,0.6,0.3,0.0,0.3,0.6,5.0
381,294,Will Magnay\magnawi01,C,22,NOP,1,0,3.0,0.0,1.0,0.0,0.0,1.0,0.0,0.0,0.0,,0.0,0.0,0.0,,0.0,0.0,0.0,0.0,0.0,0.0,1.0,1.0,0.0
382,295,Thon Maker\makerth01,C,23,CLE,8,0,9.5,1.3,2.3,0.556,0.0,0.3,0.0,1.3,2.0,0.625,0.556,1.3,1.4,0.909,1.0,1.3,2.3,0.5,0.3,0.5,0.4,0.9,3.8
383,296,Théo Maledon\maledth01,PG,19,OKC,48,32,27.3,3.4,9.0,0.374,1.7,4.7,0.356,1.7,4.3,0.393,0.466,1.3,1.7,0.756,0.4,3.0,3.4,3.4,0.9,0.1,2.1,2.1,9.7
384,297,Karim Mané\maneka01,PG,20,ORL,10,0,8.8,0.3,1.3,0.231,0.1,0.2,0.5,0.2,1.1,0.182,0.269,0.4,0.5,0.8,0.1,1.3,1.4,0.4,0.0,0.2,0.3,1.0,1.1
385,298,Terance Mann\mannte01,SG,24,LAC,53,4,18.2,2.5,4.9,0.504,0.5,1.2,0.429,2.0,3.7,0.528,0.556,1.0,1.3,0.779,0.9,2.8,3.7,1.6,0.5,0.2,0.6,1.9,6.5
386,299,Nico Mannion\mannini01,PG,19,GSW,20,1,14.0,1.6,4.5,0.344,0.9,2.5,0.367,0.7,2.1,0.317,0.444,1.0,1.3,0.8,0.1,1.5,1.6,2.6,0.7,0.1,1.2,1.3,5.0
387,300,Boban Marjanović\marjabo01,C,32,DAL,24,3,9.0,2.0,4.3,0.48,0.0,0.3,0.0,2.0,4.0,0.51,0.48,0.8,1.1,0.769,1.6,2.8,4.4,0.3,0.0,0.2,0.4,1.0,4.9
388,301,Lauri Markkanen\markkla01,PF,23,CHI,33,25,27.9,5.5,11.3,0.487,2.4,6.1,0.39,3.2,5.3,0.598,0.591,1.9,2.3,0.84,0.8,4.8,5.6,0.9,0.4,0.4,1.2,1.5,15.3
389,302,Naji Marshall\marshna01,SF,23,NOP,14,3,14.5,1.1,3.2,0.333,0.3,1.2,0.235,0.8,2.0,0.393,0.378,1.5,2.1,0.7,0.1,2.3,2.4,1.8,0.5,0.4,0.4,1.6,3.9
390,303,Caleb Martin\martica02,SF,25,CHO,39,2,14.2,1.8,4.8,0.387,0.6,2.2,0.282,1.2,2.6,0.475,0.452,0.6,1.0,0.615,0.6,2.1,2.7,1.3,0.7,0.2,0.7,1.0,4.9
391,304,Cody Martin\martico01,SF,25,CHO,41,2,14.3,1.5,3.4,0.447,0.3,1.1,0.261,1.2,2.3,0.537,0.489,0.4,0.8,0.563,0.8,1.7,2.5,1.4,0.5,0.2,0.7,0.9,3.8
392,305,Kelan Martin\martike03,SF,25,IND,19,0,5.2,0.7,1.8,0.382,0.3,0.8,0.313,0.4,0.9,0.444,0.456,0.2,0.2,1.0,0.2,0.8,1.1,0.2,0.3,0.1,0.3,0.5,1.8
393,306,Kenyon Martin Jr.\martike04,SF,20,HOU,27,0,19.3,2.7,4.9,0.553,0.4,1.1,0.4,2.3,3.8,0.598,0.598,1.2,1.6,0.75,1.7,2.9,4.6,0.7,0.5,1.0,0.7,1.7,7.1
394,307,Frank Mason III\masonfr01,PG,26,ORL,4,1,19.8,2.3,6.0,0.375,0.5,1.3,0.4,1.8,4.8,0.368,0.417,1.3,1.8,0.714,0.8,2.3,3.0,3.0,0.0,0.0,1.3,1.8,6.3
395,308,Garrison Mathews\mathega01,SG,24,WAS,47,22,18.4,1.8,4.1,0.428,1.4,3.4,0.409,0.4,0.7,0.514,0.595,1.4,1.6,0.892,0.3,1.3,1.6,0.5,0.5,0.1,0.2,1.8,6.3
396,309,Dakota Mathias\mathida01,SG,25,PHI,8,2,15.4,2.4,6.0,0.396,1.0,3.3,0.308,1.4,2.8,0.5,0.479,0.3,0.8,0.333,0.1,0.8,0.9,1.6,0.1,0.4,0.1,0.9,6.0
397,310,Wesley Matthews\matthwe02,SG,34,LAL,46,6,19.9,1.5,4.3,0.347,1.2,3.4,0.338,0.3,0.9,0.381,0.48,0.7,0.8,0.857,0.3,1.3,1.6,1.0,0.7,0.3,0.5,1.5,4.8
398,311,Tyrese Maxey\maxeyty01,SG,20,PHI,46,6,14.1,2.9,6.5,0.446,0.4,1.5,0.275,2.5,5.0,0.498,0.478,0.7,0.8,0.868,0.2,1.3,1.5,1.6,0.3,0.2,0.6,1.2,6.9
399,312,Skylar Mays\mayssk01,SG,23,ATL,26,0,7.6,1.1,2.7,0.4,0.4,1.1,0.345,0.7,1.6,0.439,0.471,0.7,0.8,0.857,0.3,0.6,1.0,0.8,0.4,0.0,0.3,0.5,3.2
400,313,Patrick McCaw\mccawpa01,SF,25,TOR,5,0,6.6,0.2,0.2,1.0,0.0,0.0,,0.2,0.2,1.0,1.0,0.6,0.6,1.0,0.2,0.4,0.6,0.8,0.4,0.0,0.0,1.2,1.0
401,314,CJ McCollum\mccolcj01,SG,29,POR,29,29,33.2,8.5,19.1,0.445,3.9,9.8,0.401,4.6,9.3,0.491,0.548,2.3,2.7,0.848,0.6,3.3,3.9,4.7,1.0,0.5,1.3,1.9,23.2
402,315,T.J. McConnell\mccontj01,PG,28,IND,50,2,25.6,3.7,6.6,0.56,0.2,0.6,0.3,3.5,6.0,0.586,0.574,0.4,0.6,0.625,0.8,2.9,3.6,6.5,1.7,0.4,1.9,1.6,8.0
403,316,Jaden McDaniels\mcdanja02,PF,20,MIN,48,14,22.8,2.5,5.8,0.434,1.1,3.1,0.361,1.4,2.8,0.515,0.529,0.5,0.8,0.595,0.8,2.9,3.7,1.1,0.5,1.0,0.7,2.6,6.6
404,317,Jalen McDaniels\mcdanja01,SF,23,CHO,28,5,13.9,2.3,4.6,0.504,0.6,1.6,0.356,1.8,3.0,0.583,0.566,0.7,1.0,0.704,0.5,2.0,2.5,0.8,0.3,0.3,0.7,1.8,5.9
405,318,Doug McDermott\mcderdo01,PF,29,IND,51,19,24.4,5.1,9.8,0.52,1.7,4.4,0.381,3.5,5.5,0.631,0.605,1.2,1.4,0.845,1.0,2.6,3.6,1.3,0.3,0.1,0.9,1.7,13.1
406,319,Sean McDermott\mcderse01,SF,24,MEM,15,0,10.2,0.9,2.2,0.394,0.3,1.5,0.227,0.5,0.7,0.727,0.47,0.5,0.5,1.0,0.4,0.9,1.3,0.3,0.1,0.2,0.3,0.5,2.6
407,320,JaVale McGee\mcgeeja01,C,33,TOT,37,1,14.7,3.2,6.2,0.522,0.1,0.5,0.25,3.1,5.6,0.548,0.533,1.0,1.6,0.644,1.6,3.5,5.1,0.9,0.5,1.1,1.4,2.5,7.6
408,320,JaVale McGee\mcgeeja01,C,33,CLE,33,1,15.2,3.4,6.5,0.521,0.2,0.6,0.25,3.2,5.9,0.549,0.533,1.1,1.7,0.655,1.6,3.5,5.2,1.0,0.5,1.2,1.4,2.4,8.0
409,320,JaVale McGee\mcgeeja01,C,33,DEN,4,0,10.0,1.8,3.3,0.538,0.0,0.0,,1.8,3.3,0.538,0.538,0.5,1.0,0.5,1.5,3.5,5.0,0.3,0.5,0.5,1.5,2.8,4.0
410,321,Rodney McGruder\mcgruro01,SG,29,DET,16,2,12.1,2.3,4.4,0.529,0.7,1.5,0.458,1.6,2.9,0.565,0.607,0.4,0.5,0.75,0.5,0.9,1.4,1.0,0.5,0.1,0.4,0.8,5.7
411,322,Alfonzo McKinnie\mckinal01,SF,28,LAL,32,0,6.2,1.1,2.1,0.515,0.4,0.9,0.414,0.7,1.2,0.595,0.606,0.3,0.5,0.529,0.4,0.9,1.3,0.2,0.1,0.0,0.1,0.6,2.8
412,323,Jordan McLaughlin\mclaujo01,PG,24,MIN,35,2,20.1,2.1,5.4,0.386,0.6,1.8,0.344,1.5,3.6,0.408,0.444,0.5,0.6,0.727,0.4,1.7,2.2,4.2,1.1,0.2,1.1,0.9,5.3
413,324,Ben McLemore\mclembe01,SG,27,TOT,36,4,16.9,2.5,7.0,0.36,1.8,5.3,0.333,0.8,1.8,0.438,0.484,0.8,1.1,0.744,0.4,1.7,2.0,0.8,0.6,0.1,0.9,1.7,7.6
414,324,Ben McLemore\mclembe01,SG,27,HOU,32,4,16.8,2.5,7.0,0.357,1.7,5.2,0.331,0.8,1.8,0.431,0.48,0.7,1.0,0.719,0.3,1.7,2.1,0.9,0.6,0.1,0.9,1.6,7.4
415,324,Ben McLemore\mclembe01,SG,27,LAL,4,0,17.8,2.8,7.3,0.379,2.0,5.8,0.348,0.8,1.5,0.5,0.517,1.5,1.8,0.857,0.5,1.3,1.8,0.5,0.3,0.0,0.8,2.8,9.0
416,325,Nicolò Melli\mellini01,PF,30,TOT,31,4,12.7,0.9,2.9,0.297,0.4,1.8,0.232,0.5,1.1,0.4,0.368,0.3,0.3,0.9,0.6,2.1,2.7,1.0,0.4,0.1,0.3,1.5,2.5
417,325,Nicolò Melli\mellini01,PF,30,NOP,22,0,11.0,0.7,2.7,0.254,0.3,1.7,0.189,0.4,1.0,0.364,0.314,0.3,0.3,0.857,0.5,2.0,2.6,1.1,0.4,0.0,0.3,1.3,2.0
418,325,Nicolò Melli\mellini01,PF,30,DAL,9,4,16.9,1.3,3.6,0.375,0.7,2.1,0.316,0.7,1.4,0.462,0.469,0.3,0.3,1.0,0.7,2.2,2.9,0.8,0.2,0.1,0.2,2.1,3.7
419,326,De'Anthony Melton\meltode01,PG,22,MEM,35,1,19.9,3.7,7.8,0.48,1.8,4.0,0.453,1.9,3.8,0.507,0.595,0.8,1.0,0.771,0.7,2.5,3.2,2.7,1.2,0.5,1.2,1.7,10.1
420,327,Sam Merrill\merrisa01,SG,24,MIL,23,1,8.0,1.2,2.6,0.458,0.8,1.7,0.462,0.4,0.9,0.45,0.61,0.2,0.2,1.0,0.3,0.9,1.1,0.8,0.2,0.0,0.4,0.6,3.3
421,328,Chimezie Metu\metuch01,C,23,SAC,21,0,9.1,1.8,3.2,0.567,0.1,0.4,0.375,1.7,2.8,0.593,0.59,0.5,0.9,0.611,1.0,1.7,2.7,0.7,0.2,0.5,0.6,1.5,4.3
422,329,Khris Middleton\middlkh01,SF,29,MIL,51,51,33.5,7.5,15.6,0.482,2.2,5.0,0.435,5.4,10.6,0.504,0.551,3.0,3.4,0.886,0.8,5.2,6.0,5.4,1.1,0.2,2.8,2.4,20.3
423,330,Darius Miller\milleda01,SF,30,OKC,18,0,10.9,1.2,2.7,0.458,0.9,2.3,0.405,0.3,0.3,0.833,0.635,0.7,0.7,1.0,0.1,1.2,1.3,1.2,0.7,0.3,0.4,0.7,4.1
424,331,Patty Mills\millspa02,PG,32,SAS,51,0,25.6,4.1,9.6,0.429,2.6,6.6,0.389,1.5,3.0,0.516,0.563,1.1,1.2,0.905,0.3,1.4,1.7,2.5,0.7,0.0,0.9,1.3,12.0
425,332,Paul Millsap\millspa01,PF,35,DEN,42,34,22.1,3.4,6.9,0.495,1.0,2.6,0.382,2.4,4.3,0.564,0.567,1.2,1.8,0.703,1.4,3.3,4.7,1.6,0.9,0.6,0.9,2.1,9.0
426,333,Shake Milton\miltosh01,SG,24,PHI,46,2,24.0,5.0,11.1,0.452,1.0,3.2,0.322,4.0,7.8,0.506,0.499,2.6,3.0,0.857,0.6,1.7,2.3,3.0,0.6,0.3,1.7,2.2,13.7
427,334,Donovan Mitchell\mitchdo01,PG,24,UTA,52,52,33.7,9.1,20.7,0.438,3.4,8.7,0.385,5.7,12.0,0.476,0.519,5.0,6.0,0.842,0.9,3.5,4.4,5.3,1.0,0.3,2.7,2.2,26.5
428,335,Adam Mokoka\mokokad01,SG,22,CHI,9,0,5.2,0.7,1.7,0.4,0.1,0.9,0.125,0.6,0.8,0.714,0.433,0.0,0.0,,0.1,0.3,0.4,0.4,0.2,0.1,0.2,0.6,1.4
429,336,Malik Monk\monkma01,SG,22,CHO,32,0,21.7,4.6,10.1,0.46,2.2,5.2,0.424,2.4,4.9,0.497,0.568,1.7,2.0,0.815,0.4,2.3,2.7,1.9,0.5,0.1,1.5,1.2,13.1
430,337,E'Twaun Moore\mooreet01,SG,31,PHO,24,1,14.5,1.8,4.3,0.422,0.3,1.2,0.276,1.5,3.0,0.479,0.461,0.3,0.4,0.8,0.5,1.2,1.8,1.5,0.6,0.2,0.8,1.3,4.3
431,338,Ja Morant\moranja01,PG,21,MEM,44,44,31.8,6.8,15.2,0.447,0.9,3.5,0.27,5.8,11.7,0.499,0.478,4.4,6.0,0.739,0.9,2.5,3.5,7.4,0.9,0.2,3.1,1.4,18.9
432,339,Juwan Morgan\morgaju01,PF,23,UTA,19,0,4.4,0.4,0.9,0.412,0.2,0.6,0.273,0.2,0.3,0.667,0.5,0.1,0.3,0.2,0.3,0.5,0.8,0.2,0.2,0.0,0.1,0.7,0.9
433,340,Marcus Morris\morrima03,PF,31,LAC,44,16,25.9,4.8,10.1,0.469,2.5,5.2,0.476,2.3,4.9,0.461,0.591,1.1,1.3,0.831,0.6,3.5,4.1,1.0,0.6,0.3,0.9,2.1,13.1
434,341,Markieff Morris\morrima02,PF,31,LAL,48,24,20.2,2.8,6.2,0.445,1.3,3.5,0.355,1.5,2.7,0.562,0.545,0.6,0.9,0.732,0.8,3.8,4.6,1.1,0.3,0.3,0.9,1.9,7.4
435,342,Monte Morris\morrimo01,PG,25,DEN,42,11,26.3,4.0,8.3,0.479,1.1,3.0,0.381,2.8,5.3,0.534,0.547,1.3,1.6,0.783,0.2,2.0,2.2,3.3,0.7,0.3,0.8,1.0,10.4
436,343,Mychal Mulder\muldemy01,PG,26,GSW,43,2,9.9,1.3,3.0,0.415,1.0,2.6,0.378,0.3,0.4,0.632,0.577,0.3,0.4,0.579,0.0,0.8,0.8,0.4,0.2,0.2,0.2,0.7,3.7
437,344,Dejounte Murray\murrade01,PG,24,SAS,50,50,31.7,6.6,14.6,0.456,1.0,3.0,0.318,5.7,11.5,0.492,0.489,1.6,2.0,0.82,0.7,6.1,6.8,5.2,1.6,0.1,1.7,2.1,15.9
438,345,Jamal Murray\murraja01,PG,23,DEN,48,48,35.5,7.9,16.5,0.477,2.7,6.6,0.408,5.2,9.9,0.523,0.559,2.8,3.2,0.869,0.8,3.3,4.0,4.8,1.3,0.3,2.3,2.0,21.2
439,346,Mike Muscala\muscami01,C,29,OKC,35,0,18.4,3.4,7.6,0.446,1.9,5.3,0.37,1.5,2.4,0.614,0.573,0.9,1.0,0.917,0.5,3.2,3.8,0.8,0.2,0.3,0.6,1.5,9.7
440,347,Sviatoslav Mykhailiuk\mykhasv01,SF-SG,23,TOT,50,12,19.3,2.7,6.8,0.4,1.6,4.6,0.341,1.1,2.2,0.528,0.516,0.7,0.8,0.786,0.4,1.9,2.3,1.6,0.8,0.2,1.2,0.8,7.7
441,347,Sviatoslav Mykhailiuk\mykhasv01,SF,23,DET,36,5,17.6,2.3,6.2,0.377,1.6,4.8,0.333,0.8,1.4,0.519,0.504,0.7,0.8,0.8,0.3,1.8,2.1,1.6,0.8,0.2,1.1,0.9,6.9
442,347,Sviatoslav Mykhailiuk\mykhasv01,SG,23,OKC,14,7,23.6,3.7,8.4,0.444,1.6,4.4,0.361,2.1,4.0,0.536,0.538,0.6,0.9,0.75,0.6,2.4,3.0,1.6,0.9,0.1,1.5,0.6,9.6
443,348,Abdel Nader\naderab01,SF,27,PHO,24,0,14.8,2.4,4.8,0.491,0.8,1.8,0.419,1.6,3.0,0.534,0.569,1.2,1.5,0.757,0.3,2.3,2.6,0.8,0.4,0.4,0.8,1.4,6.7
444,349,Larry Nance Jr.\nancela02,PF,28,CLE,29,27,32.8,4.0,8.1,0.487,1.2,3.3,0.379,2.7,4.9,0.56,0.564,0.9,1.4,0.634,1.7,5.3,7.1,3.1,1.8,0.6,1.5,2.1,10.1
445,350,Aaron Nesmith\nesmiaa01,SF,21,BOS,30,0,13.3,1.2,3.1,0.372,0.7,2.2,0.328,0.4,0.9,0.481,0.489,0.4,0.5,0.688,0.5,1.7,2.2,0.3,0.3,0.2,0.5,1.4,3.4
446,351,Raul Neto\netora01,PG,28,WAS,47,8,20.5,3.2,7.1,0.449,1.0,2.6,0.366,2.2,4.5,0.498,0.516,0.9,1.1,0.827,0.4,1.8,2.2,2.1,1.1,0.1,0.8,1.6,8.3
447,352,Georges Niang\niangge01,PF,27,UTA,55,1,14.3,2.1,4.8,0.435,1.5,3.5,0.41,0.6,1.2,0.507,0.588,0.1,0.1,1.0,0.3,1.9,2.2,0.7,0.3,0.1,0.6,1.5,5.7
448,353,Zeke Nnaji\nnajize01,PF,20,DEN,34,1,10.0,1.3,2.6,0.506,0.6,1.5,0.4,0.7,1.1,0.649,0.621,0.4,0.4,0.8,0.4,1.3,1.6,0.2,0.1,0.1,0.2,0.8,3.5
449,354,Nerlens Noel\noelne01,C,26,NYK,49,26,23.1,2.1,3.6,0.6,0.0,0.0,0.0,2.1,3.5,0.607,0.6,0.7,1.0,0.66,2.2,4.0,6.3,0.7,1.1,2.1,1.2,2.7,5.0
450,355,Jaylen Nowell\nowelja01,SG,21,MIN,37,0,19.0,3.7,8.5,0.433,1.3,3.7,0.341,2.4,4.8,0.506,0.508,1.1,1.4,0.824,0.5,1.9,2.4,1.6,0.6,0.3,0.7,1.8,9.8
451,356,Frank Ntilikina\ntilila01,PG,22,NYK,21,4,12.0,1.1,3.0,0.359,0.8,1.8,0.459,0.3,1.3,0.222,0.492,0.3,0.7,0.5,0.2,1.0,1.1,0.7,0.7,0.0,0.5,1.6,3.3
452,357,Kendrick Nunn\nunnke01,PG,25,MIA,40,28,28.5,5.2,11.3,0.457,2.0,5.4,0.364,3.2,5.9,0.542,0.544,1.1,1.2,0.913,0.4,2.7,3.2,2.7,1.0,0.3,1.6,1.9,13.4
453,358,Jusuf Nurkić\nurkiju01,C,26,POR,20,20,22.5,3.7,7.5,0.497,0.4,1.1,0.333,3.4,6.4,0.523,0.52,1.5,2.5,0.58,1.9,5.7,7.6,3.2,1.0,0.9,2.1,3.1,9.2
454,359,David Nwaba\nwabada01,SF,28,HOU,30,9,22.6,3.5,7.3,0.486,0.6,2.1,0.27,3.0,5.2,0.574,0.525,1.6,2.3,0.691,1.3,2.6,3.9,1.0,1.0,0.7,0.6,2.0,9.2
455,360,Jordan Nwora\nworajo01,SF,22,MIL,21,2,9.9,2.0,4.5,0.432,0.9,2.1,0.422,1.0,2.4,0.44,0.532,0.7,0.9,0.789,0.2,1.7,1.9,0.3,0.6,0.2,0.8,0.7,5.5
456,361,Royce O'Neale\onealro01,SF,27,UTA,54,54,31.9,2.3,5.4,0.43,1.5,3.9,0.374,0.9,1.5,0.573,0.565,0.6,0.7,0.85,1.2,5.6,6.9,2.5,0.8,0.5,1.1,2.8,6.8
457,362,Semi Ojeleye\ojelese01,PF,26,BOS,45,9,18.0,1.6,4.1,0.4,1.2,3.0,0.388,0.5,1.1,0.431,0.541,0.5,0.7,0.75,0.6,2.2,2.7,0.7,0.2,0.0,0.4,1.1,5.0
458,363,Jahlil Okafor\okafoja01,C,25,DET,14,0,10.3,2.1,3.6,0.6,0.1,0.3,0.25,2.1,3.3,0.63,0.61,0.5,0.6,0.875,0.9,1.4,2.3,0.5,0.1,0.1,0.4,1.1,4.9
459,364,Chuma Okeke\okekech01,PF,22,ORL,37,11,24.2,2.6,6.2,0.424,1.0,2.8,0.35,1.6,3.4,0.484,0.502,0.6,0.8,0.774,0.9,3.1,4.1,2.2,0.8,0.5,0.8,1.1,6.9
460,365,Josh Okogie\okogijo01,SG,22,MIN,42,26,20.7,1.6,4.4,0.37,0.5,1.8,0.25,1.2,2.6,0.454,0.421,1.4,1.7,0.819,0.9,1.6,2.5,1.1,1.0,0.4,0.8,2.2,5.1
461,366,Onyeka Okongwu\okongon01,C,20,ATL,33,2,10.8,1.6,2.6,0.616,0.0,0.0,0.0,1.6,2.6,0.624,0.616,0.7,1.2,0.585,1.0,2.0,3.0,0.2,0.4,0.6,0.5,1.9,3.9
462,367,Isaac Okoro\okorois01,SG,20,CLE,48,48,31.8,3.1,7.1,0.43,0.9,2.8,0.316,2.2,4.3,0.505,0.493,1.3,1.8,0.705,0.9,1.9,2.8,1.8,1.0,0.4,1.4,2.8,8.3
463,368,KZ Okpala\okpalkz01,PF,21,MIA,26,9,12.5,1.0,2.5,0.409,0.4,1.4,0.297,0.6,1.1,0.552,0.492,0.1,0.2,0.333,0.6,1.3,1.9,0.4,0.2,0.3,0.5,1.7,2.6
464,369,Victor Oladipo\oladivi01,SG,28,TOT,33,33,32.7,7.1,17.5,0.408,2.4,7.2,0.326,4.8,10.2,0.466,0.476,3.2,4.2,0.754,0.4,4.5,4.8,4.6,1.4,0.4,2.5,2.5,19.8
465,369,Victor Oladipo\oladivi01,SG,28,IND,9,9,33.3,7.1,16.9,0.421,2.8,7.7,0.362,4.3,9.2,0.47,0.503,3.0,4.1,0.73,0.1,5.6,5.7,4.2,1.7,0.2,2.0,2.6,20.0
466,369,Victor Oladipo\oladivi01,SG,28,HOU,20,20,33.5,7.8,19.1,0.407,2.5,7.7,0.32,5.3,11.4,0.465,0.471,3.3,4.2,0.783,0.4,4.4,4.8,5.0,1.2,0.5,2.6,2.3,21.2
467,369,Victor Oladipo\oladivi01,SG,28,MIA,4,4,27.8,4.0,10.8,0.372,1.0,4.3,0.235,3.0,6.5,0.462,0.419,3.0,4.5,0.667,0.8,2.8,3.5,3.5,1.8,0.5,3.5,3.3,12.0
468,370,Kelly Olynyk\olynyke01,C-PF,29,TOT,53,45,27.4,4.2,9.1,0.465,1.8,5.5,0.327,2.4,3.5,0.681,0.564,1.1,1.3,0.803,1.1,5.3,6.4,2.2,0.9,0.6,1.4,2.8,11.3
469,370,Kelly Olynyk\olynyke01,C,29,MIA,43,38,26.9,3.8,8.7,0.431,1.8,5.7,0.317,2.0,3.1,0.639,0.533,0.7,0.9,0.775,1.0,5.0,6.1,2.1,0.9,0.6,1.3,2.9,10.0
470,370,Kelly Olynyk\olynyke01,PF,29,HOU,10,7,29.6,6.2,10.6,0.585,1.9,5.1,0.373,4.3,5.5,0.782,0.675,2.6,3.1,0.839,1.5,6.4,7.9,2.8,0.9,0.7,1.9,2.7,16.9
471,371,Miye Oni\onimi01,SG,23,UTA,39,0,9.0,0.7,2.0,0.354,0.6,1.8,0.343,0.1,0.2,0.444,0.506,0.1,0.2,0.833,0.5,1.2,1.7,0.4,0.2,0.2,0.3,1.1,2.2
472,372,Cedi Osman\osmande01,SF,25,CLE,48,17,24.3,3.5,9.7,0.36,1.6,5.4,0.3,1.9,4.3,0.436,0.444,1.1,1.5,0.75,0.6,2.7,3.3,2.6,0.9,0.2,1.1,1.8,9.7
473,373,Daniel Oturu\oturuda01,C,21,LAC,21,0,3.9,0.6,1.1,0.5,0.0,0.0,0.0,0.6,1.1,0.522,0.5,0.1,0.2,0.5,0.4,0.6,1.0,0.3,0.0,0.1,0.2,0.6,1.2
474,374,Kelly Oubre Jr.\oubreke01,SF,25,GSW,50,50,30.8,5.8,13.2,0.439,1.6,5.2,0.317,4.1,8.0,0.519,0.502,2.1,3.0,0.698,1.4,4.6,6.0,1.4,1.1,0.8,1.2,2.3,15.3
475,375,Jabari Parker\parkeja01,PF,25,SAC,3,0,9.0,1.3,2.3,0.571,0.0,0.3,0.0,1.3,2.0,0.667,0.571,0.0,0.0,,0.3,1.7,2.0,0.3,0.0,0.3,1.0,1.3,2.7
476,376,Eric Paschall\pascher01,PF,24,GSW,39,2,17.3,3.7,7.5,0.491,0.4,1.4,0.321,3.3,6.2,0.529,0.52,1.6,2.3,0.719,0.7,2.5,3.2,1.3,0.3,0.2,1.1,1.7,9.5
477,377,Anžejs Pasečņiks\pasecan01,C,25,WAS,1,0,6.0,0.0,1.0,0.0,0.0,1.0,0.0,0.0,0.0,,0.0,0.0,0.0,,1.0,0.0,1.0,1.0,0.0,0.0,5.0,2.0,0.0
478,378,Patrick Patterson\pattepa01,PF,31,LAC,27,2,13.9,1.7,3.9,0.448,1.0,2.6,0.366,0.8,1.3,0.618,0.571,0.4,0.5,0.786,0.4,1.4,1.8,0.8,0.4,0.3,0.3,1.3,4.9
479,379,Justin Patton\pattoju01,C,23,HOU,13,6,19.0,2.2,5.4,0.414,0.7,2.6,0.265,1.5,2.8,0.556,0.479,0.2,0.3,0.75,1.1,2.7,3.8,1.1,0.9,1.1,0.3,2.6,5.4
480,380,Chris Paul\paulch01,PG,35,PHO,53,53,31.6,6.0,12.3,0.486,1.3,3.6,0.366,4.7,8.7,0.536,0.54,2.5,2.7,0.931,0.4,4.2,4.6,8.7,1.5,0.2,2.2,2.4,15.8
481,381,Cameron Payne\payneca01,PG,26,PHO,43,0,17.2,2.7,5.7,0.47,1.0,2.5,0.411,1.7,3.3,0.514,0.559,0.8,0.9,0.892,0.2,2.1,2.3,3.7,0.6,0.2,1.0,1.7,7.2
482,382,Elfrid Payton\paytoel01,PG,26,NYK,46,46,26.1,5.0,11.1,0.448,0.5,1.8,0.286,4.5,9.3,0.48,0.472,1.5,2.1,0.701,1.2,2.4,3.6,3.4,0.8,0.2,1.7,1.9,12.0
483,383,Gary Payton II\paytoga02,PG,28,GSW,2,0,0.0,0.0,0.0,,0.0,0.0,,0.0,0.0,,,0.0,0.0,,0.0,0.5,0.5,0.0,0.0,0.0,0.0,0.0,0.0
484,384,Norvel Pelle\pelleno01,C,27,TOT,6,0,6.0,0.5,1.3,0.375,0.0,0.0,,0.5,1.3,0.375,0.375,0.7,1.0,0.667,0.7,1.2,1.8,0.2,0.0,0.8,0.5,1.7,1.7
485,384,Norvel Pelle\pelleno01,C,27,BRK,3,0,9.3,1.0,2.3,0.429,0.0,0.0,,1.0,2.3,0.429,0.429,0.0,0.0,,1.0,1.3,2.3,0.0,0.0,1.0,1.0,3.0,2.0
486,384,Norvel Pelle\pelleno01,C,27,SAC,1,0,4.0,0.0,1.0,0.0,0.0,0.0,,0.0,1.0,0.0,0.0,3.0,4.0,0.75,1.0,0.0,1.0,1.0,0.0,0.0,0.0,1.0,3.0
487,384,Norvel Pelle\pelleno01,C,27,NYK,2,0,2.0,0.0,0.0,,0.0,0.0,,0.0,0.0,,,0.5,1.0,0.5,0.0,1.5,1.5,0.0,0.0,1.0,0.0,0.0,0.5
488,385,Reggie Perry\perryre01,PF,20,BRK,20,0,9.8,1.6,3.7,0.419,0.2,1.0,0.2,1.4,2.7,0.5,0.446,0.5,0.7,0.769,1.2,2.1,3.3,0.7,0.3,0.3,0.7,1.8,3.8
489,386,Theo Pinson\pinsoth01,SG,25,NYK,14,0,2.2,0.1,0.6,0.111,0.0,0.6,0.0,0.1,0.1,1.0,0.111,0.0,0.0,,0.0,0.1,0.1,0.1,0.0,0.0,0.1,0.3,0.1
490,387,Mason Plumlee\plumlma01,C,30,DET,50,50,27.1,4.2,6.9,0.603,0.0,0.1,0.0,4.2,6.8,0.615,0.603,2.0,3.0,0.662,2.6,6.4,9.1,3.5,0.8,0.9,1.9,3.3,10.3
491,388,Jakob Poeltl\poeltja01,C,25,SAS,52,34,26.0,3.7,5.9,0.63,0.0,0.0,,3.7,5.9,0.63,0.63,0.7,1.8,0.413,3.3,4.7,8.0,1.9,0.6,1.6,1.2,2.3,8.1
492,389,Vincent Poirier\poirivi01,C,27,PHI,10,0,3.9,0.3,1.2,0.25,0.0,0.1,0.0,0.3,1.1,0.273,0.25,0.2,0.6,0.333,0.6,0.8,1.4,0.2,0.0,0.3,0.4,0.8,0.8
493,390,Aleksej Pokusevski\pokusal01,PF,19,OKC,33,16,23.5,2.8,8.5,0.333,1.3,4.5,0.289,1.5,3.9,0.385,0.41,0.7,0.8,0.846,0.7,4.1,4.8,1.9,0.4,1.0,1.9,1.2,7.6
494,391,Jordan Poole\poolejo01,SG,21,GSW,33,6,17.5,3.7,8.3,0.44,1.6,4.7,0.348,2.0,3.6,0.558,0.538,1.5,1.7,0.911,0.2,1.3,1.5,1.8,0.4,0.1,0.9,1.5,10.5
495,392,Jontay Porter\portejo01,PF,21,MEM,5,0,3.8,0.4,1.4,0.286,0.2,1.0,0.2,0.2,0.4,0.5,0.357,0.0,0.0,,0.4,1.4,1.8,0.2,0.4,0.0,1.0,1.2,1.0
496,393,Kevin Porter Jr.\porteke02,SG,20,HOU,17,14,31.1,5.8,13.6,0.427,1.5,5.7,0.268,4.3,7.9,0.541,0.483,2.2,3.2,0.704,0.6,3.3,3.9,6.6,0.9,0.4,3.5,2.2,15.4
497,394,Michael Porter Jr.\portemi01,SF,22,DEN,44,37,30.5,6.7,12.5,0.534,2.4,5.6,0.421,4.3,6.9,0.625,0.628,1.6,2.1,0.763,1.9,5.9,7.8,1.0,0.6,0.9,1.1,2.1,17.3
498,395,Otto Porter\porteot01,SF-PF,27,TOT,28,6,21.6,3.5,8.1,0.432,1.4,3.7,0.375,2.1,4.4,0.48,0.518,1.3,1.5,0.857,1.0,4.4,5.4,2.0,0.6,0.1,0.9,1.5,9.7
499,395,Otto Porter\porteot01,SF,27,CHI,25,6,21.6,3.6,8.1,0.441,1.5,3.8,0.4,2.0,4.3,0.477,0.535,1.2,1.5,0.838,1.1,4.4,5.5,2.0,0.5,0.2,1.0,1.5,9.9
500,395,Otto Porter\porteot01,PF,27,ORL,3,0,22.0,3.0,8.3,0.36,0.3,3.0,0.111,2.7,5.3,0.5,0.38,1.7,1.7,1.0,0.0,4.7,4.7,1.7,1.3,0.0,0.0,1.3,8.0
501,396,Bobby Portis\portibo01,C,25,MIL,49,5,21.5,4.8,9.1,0.527,1.1,2.4,0.471,3.6,6.6,0.548,0.59,0.7,0.9,0.739,1.8,5.5,7.3,1.1,0.8,0.4,0.9,1.7,11.4
502,397,Kristaps Porziņģis\porzikr01,C,25,DAL,34,34,31.0,7.9,16.4,0.48,2.3,6.3,0.369,5.6,10.1,0.549,0.551,2.6,3.2,0.833,2.0,7.4,9.4,1.6,0.4,1.6,1.4,2.7,20.7
503,398,Dwight Powell\poweldw01,C,29,DAL,39,8,14.6,1.5,2.9,0.513,0.1,0.5,0.25,1.4,2.4,0.568,0.535,1.5,2.0,0.779,1.2,2.2,3.3,0.8,0.6,0.3,0.5,2.2,4.7
504,399,Norman Powell\powelno01,SG-SF,27,TOT,52,41,30.8,6.5,13.3,0.489,2.7,6.2,0.43,3.8,7.0,0.541,0.59,3.4,4.0,0.855,0.6,2.5,3.1,1.8,1.2,0.3,1.8,2.3,19.0
505,399,Norman Powell\powelno01,SG,27,TOR,42,31,30.4,6.7,13.5,0.498,2.8,6.4,0.439,3.9,7.1,0.552,0.602,3.4,3.9,0.865,0.5,2.5,3.0,1.8,1.1,0.2,1.8,2.3,19.6
506,399,Norman Powell\powelno01,SF,27,POR,10,10,32.7,5.5,12.3,0.447,2.1,5.4,0.389,3.4,6.9,0.493,0.533,3.6,4.4,0.818,1.1,2.4,3.5,1.4,1.6,0.5,1.7,2.3,16.7
507,400,Taurean Prince\princta02,PF,26,TOT,36,10,22.0,3.0,7.9,0.384,1.4,3.6,0.382,1.6,4.3,0.386,0.472,1.7,2.0,0.847,0.5,3.1,3.6,1.9,0.6,0.6,1.1,1.8,9.1
508,400,Taurean Prince\princta02,PF,26,BRK,12,4,18.2,2.5,6.2,0.405,1.1,3.1,0.351,1.4,3.1,0.459,0.493,2.0,2.3,0.889,0.2,2.7,2.8,0.6,0.7,0.7,0.9,1.8,8.1
509,400,Taurean Prince\princta02,PF,26,CLE,24,6,24.0,3.3,8.8,0.376,1.5,3.9,0.394,1.8,4.8,0.362,0.464,1.5,1.9,0.822,0.7,3.3,4.0,2.5,0.6,0.6,1.1,1.9,9.7
510,401,Payton Pritchard\pritcpa01,SG,23,BOS,49,1,18.7,2.5,5.7,0.442,1.3,3.2,0.4,1.2,2.5,0.496,0.554,0.4,0.5,0.875,0.5,1.6,2.1,1.8,0.6,0.1,0.9,1.7,6.7
511,402,Immanuel Quickley\quickim01,PG,21,NYK,50,3,19.7,3.7,9.7,0.385,1.8,4.9,0.37,1.9,4.7,0.401,0.479,2.6,2.9,0.896,0.5,1.9,2.3,2.1,0.5,0.2,0.9,1.9,11.8
512,403,Jahmi'us Ramsey\ramseja01,SG,19,SAC,5,0,3.4,0.6,1.0,0.6,0.2,0.6,0.333,0.4,0.4,1.0,0.7,0.0,0.0,,0.0,0.8,0.8,0.2,0.0,0.2,0.2,0.0,1.4
513,404,Chasson Randle\randlch01,PG,27,ORL,24,5,19.8,1.8,4.6,0.378,1.0,2.7,0.369,0.8,1.9,0.391,0.486,0.6,0.8,0.833,0.1,1.7,1.8,2.0,0.5,0.1,1.2,1.7,5.1
514,405,Julius Randle\randlju01,PF,26,NYK,54,54,37.1,8.2,17.8,0.461,2.0,5.0,0.398,6.2,12.8,0.486,0.517,4.6,5.8,0.799,1.3,9.4,10.7,6.0,0.9,0.3,3.5,3.2,23.0
515,406,Cam Reddish\reddica01,SF,21,ATL,26,21,28.8,3.7,10.1,0.365,1.3,4.8,0.262,2.4,5.3,0.46,0.428,2.6,3.2,0.817,0.8,3.2,4.0,1.3,1.3,0.3,1.3,2.6,11.2
516,407,J.J. Redick\redicjj01,SG,36,TOT,32,0,18.4,2.8,6.9,0.398,1.6,4.5,0.364,1.1,2.4,0.462,0.516,1.4,1.5,0.958,0.1,1.6,1.7,1.3,0.3,0.1,0.8,1.2,8.6
517,407,J.J. Redick\redicjj01,SG,36,NOP,31,0,18.6,2.8,6.9,0.407,1.6,4.5,0.364,1.2,2.4,0.486,0.526,1.5,1.5,0.957,0.1,1.6,1.7,1.3,0.3,0.1,0.8,1.2,8.7
518,407,J.J. Redick\redicjj01,SG,36,DAL,1,0,14.0,1.0,7.0,0.143,1.0,3.0,0.333,0.0,4.0,0.0,0.214,1.0,1.0,1.0,0.0,2.0,2.0,2.0,0.0,0.0,1.0,0.0,4.0
519,408,Paul Reed\reedpa01,PF,21,PHI,16,0,6.8,1.3,2.8,0.477,0.0,0.4,0.0,1.3,2.4,0.553,0.477,0.1,0.3,0.25,0.9,0.9,1.8,0.4,0.3,0.4,0.4,1.0,2.7
520,409,Naz Reid\reidna01,C,21,MIN,53,14,19.1,4.2,8.0,0.519,0.8,2.4,0.357,3.3,5.6,0.587,0.572,1.8,2.4,0.729,1.1,3.3,4.3,1.1,0.5,1.1,1.0,2.5,10.9
521,410,Cameron Reynolds\reynoca01,SF,25,SAS,3,0,2.0,0.3,0.7,0.5,0.0,0.0,,0.3,0.7,0.5,0.5,0.0,0.0,,0.0,0.0,0.0,0.0,0.0,0.0,0.0,0.0,0.7
522,411,Nick Richards\richani01,PF,23,CHO,14,0,3.8,0.3,0.5,0.571,0.0,0.0,,0.3,0.5,0.571,0.571,0.5,0.8,0.636,0.1,0.5,0.6,0.1,0.0,0.0,0.2,0.4,1.1
523,412,Josh Richardson\richajo01,SG,27,DAL,43,43,32.0,4.5,10.5,0.43,1.5,4.9,0.316,3.0,5.6,0.529,0.503,1.8,2.0,0.908,0.9,2.7,3.6,2.8,0.9,0.4,1.4,2.5,12.4
524,413,Grant Riller\rillegr01,PG,23,CHO,2,0,4.0,0.0,1.0,0.0,0.0,0.5,0.0,0.0,0.5,0.0,0.0,0.0,0.0,,0.0,0.0,0.0,0.5,0.0,0.0,0.0,0.0,0.0
525,414,Austin Rivers\riverau01,SG,28,NYK,21,2,21.0,2.8,6.4,0.43,1.3,3.7,0.364,1.4,2.8,0.517,0.533,0.5,0.7,0.714,0.2,2.0,2.2,2.0,0.6,0.0,1.0,1.5,7.3
526,415,Andre Roberson\roberan03,SG,29,BRK,5,0,12.6,0.4,2.8,0.143,0.2,1.6,0.125,0.2,1.2,0.167,0.179,0.2,0.4,0.5,1.4,1.6,3.0,0.8,0.6,0.2,0.4,0.8,1.2
527,416,Duncan Robinson\robindu01,SF,26,MIA,54,54,32.2,4.4,9.9,0.438,3.5,8.5,0.408,0.9,1.4,0.618,0.613,0.9,1.1,0.847,0.1,3.6,3.7,1.8,0.5,0.2,1.2,2.5,13.1
528,417,Glenn Robinson III\robingl02,SF,27,SAC,23,2,16.0,1.8,4.3,0.424,0.7,1.9,0.364,1.1,2.4,0.473,0.505,0.9,1.0,0.913,0.5,1.5,2.0,0.9,0.2,0.1,0.5,1.0,5.3
529,418,Jerome Robinson\robinje01,SG,23,WAS,17,6,17.9,1.6,5.6,0.295,0.6,2.5,0.262,1.0,3.1,0.321,0.353,0.9,1.2,0.8,0.2,2.0,2.2,1.5,0.7,0.4,1.1,1.8,4.9
530,419,Justin Robinson\robinju01,PG,23,OKC,5,0,12.4,1.0,3.2,0.313,0.6,2.4,0.25,0.4,0.8,0.5,0.406,0.6,1.0,0.6,0.0,0.8,0.8,1.2,0.2,0.0,0.2,1.4,3.2
531,420,Mitchell Robinson\robinmi01,C,22,NYK,31,29,27.5,3.7,5.7,0.653,0.0,0.0,,3.7,5.7,0.653,0.653,0.8,1.7,0.491,3.6,4.5,8.1,0.5,1.1,1.5,0.8,2.8,8.3
532,421,Isaiah Roby\robyis01,PF,22,OKC,44,24,23.5,3.4,6.8,0.495,0.5,1.6,0.319,2.9,5.2,0.55,0.533,1.5,2.1,0.71,1.6,4.2,5.8,1.8,0.8,0.7,1.8,2.6,8.8
533,422,Rajon Rondo\rondora01,PG,34,TOT,32,2,15.3,1.7,4.2,0.407,0.7,1.8,0.386,1.0,2.4,0.423,0.489,0.2,0.3,0.875,0.3,1.8,2.1,3.7,0.8,0.1,1.5,1.2,4.3
534,422,Rajon Rondo\rondora01,PG,34,ATL,27,2,14.9,1.6,4.1,0.4,0.6,1.7,0.378,1.0,2.4,0.415,0.477,0.0,0.1,0.5,0.1,1.9,2.0,3.5,0.7,0.1,1.4,0.9,3.9
535,422,Rajon Rondo\rondora01,PG,34,LAC,5,0,17.2,2.2,5.0,0.44,1.0,2.4,0.417,1.2,2.6,0.462,0.54,1.2,1.2,1.0,0.8,1.4,2.2,4.8,1.0,0.2,2.0,2.6,6.6
536,423,Derrick Rose\rosede01,PG,32,TOT,34,3,23.9,5.0,11.7,0.426,0.9,2.5,0.349,4.1,9.1,0.447,0.463,2.3,2.7,0.849,0.4,1.8,2.2,3.9,1.0,0.4,1.6,1.1,13.1
537,423,Derrick Rose\rosede01,PG,32,DET,15,0,22.8,5.3,12.3,0.429,0.9,2.6,0.333,4.4,9.7,0.455,0.465,2.8,3.3,0.84,0.4,1.5,1.9,4.2,1.2,0.3,1.9,1.1,14.2
538,423,Derrick Rose\rosede01,PG,32,NYK,19,3,24.7,4.7,11.2,0.423,0.9,2.5,0.362,3.8,8.7,0.44,0.462,1.9,2.3,0.86,0.4,2.0,2.4,3.7,0.9,0.6,1.4,1.0,12.3
539,424,Terrence Ross\rosste01,SG,29,ORL,44,2,29.4,5.6,13.6,0.413,2.0,5.9,0.341,3.6,7.7,0.468,0.487,2.7,3.0,0.881,0.3,3.2,3.5,2.3,1.0,0.5,1.7,2.0,15.9
540,425,Terry Rozier\roziete01,SG,26,CHO,50,50,33.6,7.2,15.6,0.463,3.3,8.2,0.404,3.9,7.5,0.527,0.568,2.5,3.0,0.832,0.6,3.5,4.1,3.4,1.2,0.4,1.9,1.8,20.3
541,426,Ricky Rubio\rubiori01,PG,30,MIN,51,36,26.3,2.7,7.2,0.381,0.9,2.9,0.301,1.9,4.3,0.434,0.441,2.1,2.5,0.856,0.4,2.8,3.2,6.8,1.4,0.1,1.8,2.1,8.5
542,427,D'Angelo Russell\russeda01,PG,24,MIN,25,19,28.2,7.0,16.1,0.434,3.0,7.3,0.407,4.0,8.8,0.457,0.526,2.8,3.6,0.789,0.4,2.2,2.6,4.9,1.0,0.4,2.6,2.0,19.8
543,428,Domantas Sabonis\sabondo01,PF,24,IND,50,50,35.7,7.4,14.3,0.522,0.8,2.6,0.305,6.7,11.7,0.569,0.549,4.2,5.7,0.725,2.6,8.9,11.5,6.0,1.1,0.6,3.4,3.4,19.8
544,429,Luka Šamanić\samanlu01,PF,21,SAS,22,2,9.3,1.5,3.1,0.471,0.4,1.5,0.273,1.0,1.6,0.657,0.537,0.5,1.0,0.524,0.5,1.7,2.2,0.5,0.2,0.2,0.6,1.2,3.8
545,430,JaKarr Sampson\sampsja02,PF,27,IND,20,0,7.7,1.3,2.8,0.473,0.1,0.4,0.25,1.2,2.4,0.511,0.491,0.7,1.0,0.7,0.7,1.4,2.1,0.1,0.1,0.4,0.4,1.1,3.4
546,431,Dario Šarić\saricda01,C,26,PHO,36,0,18.1,3.5,7.5,0.463,1.1,2.9,0.358,2.4,4.6,0.53,0.533,1.8,2.0,0.863,1.1,3.1,4.2,1.3,0.6,0.1,1.2,1.9,9.8
547,432,Tomáš Satoranský\satorto01,SG,29,CHI,42,17,23.8,3.0,5.9,0.508,0.8,2.1,0.391,2.2,3.8,0.572,0.577,1.2,1.3,0.907,0.5,2.0,2.5,5.1,0.8,0.2,1.7,1.6,7.9
548,433,Dennis Schröder\schrode01,SG,27,LAL,51,51,31.8,5.3,12.2,0.432,1.1,3.3,0.341,4.2,8.9,0.465,0.478,3.7,4.4,0.848,0.5,3.0,3.5,5.4,1.2,0.2,2.8,2.6,15.4
549,434,Mike Scott\scottmi01,PF,32,PHI,35,8,17.6,1.5,4.2,0.363,1.1,3.2,0.339,0.4,1.0,0.441,0.493,0.2,0.3,0.6,0.3,2.4,2.7,0.6,0.6,0.1,0.5,1.3,4.3
550,435,Collin Sexton\sextoco01,SG,22,CLE,45,45,35.8,8.8,18.4,0.48,1.6,4.4,0.357,7.3,14.0,0.518,0.522,4.9,6.0,0.822,0.8,2.0,2.8,4.2,1.2,0.1,2.6,2.6,24.1
551,436,Landry Shamet\shamela01,SG,23,BRK,43,1,20.4,2.7,6.8,0.402,2.0,5.0,0.394,0.7,1.7,0.427,0.548,0.9,1.0,0.844,0.2,1.6,1.8,1.2,0.5,0.1,0.7,1.3,8.3
552,437,Iman Shumpert\shumpim01,SG,30,BRK,2,0,5.5,0.5,2.0,0.25,0.0,1.5,0.0,0.5,0.5,1.0,0.25,0.0,0.0,,0.5,0.0,0.5,0.0,0.5,0.0,0.5,0.0,1.0
553,438,Pascal Siakam\siakapa01,PF,26,TOR,45,45,35.6,7.5,16.4,0.455,1.2,4.3,0.284,6.3,12.1,0.516,0.493,4.6,5.5,0.839,1.7,5.4,7.1,4.6,1.1,0.7,2.2,3.3,20.8
554,439,Chris Silva\silvach01,PF,24,TOT,13,0,6.7,0.8,1.2,0.667,0.1,0.1,1.0,0.7,1.1,0.643,0.7,0.8,1.2,0.733,0.5,1.5,2.0,0.5,0.1,0.4,0.8,1.6,2.5
555,439,Chris Silva\silvach01,PF,24,MIA,11,0,7.5,0.8,1.2,0.692,0.1,0.1,1.0,0.7,1.1,0.667,0.731,1.0,1.4,0.733,0.6,1.6,2.3,0.5,0.1,0.5,0.8,1.8,2.7
556,439,Chris Silva\silvach01,PF,24,SAC,2,0,2.0,0.5,1.0,0.5,0.0,0.0,,0.5,1.0,0.5,0.5,0.0,0.0,,0.0,0.5,0.5,0.0,0.0,0.0,0.5,0.5,1.0
557,440,Ben Simmons\simmobe01,PG,24,PHI,46,46,33.2,5.7,10.5,0.545,0.1,0.2,0.333,5.6,10.3,0.549,0.548,3.4,5.5,0.619,1.7,6.0,7.7,7.1,1.6,0.6,3.4,3.0,14.8
558,441,Anfernee Simons\simonan01,SG,21,POR,46,0,16.0,2.6,6.4,0.403,1.9,4.5,0.415,0.7,1.9,0.375,0.549,0.7,0.8,0.816,0.2,2.1,2.2,1.3,0.2,0.1,0.7,1.6,7.7
559,442,Deividas Sirvydis\sirvyde01,SG,20,DET,12,0,2.2,0.3,1.0,0.333,0.3,0.8,0.4,0.0,0.2,0.0,0.5,0.3,0.3,0.75,0.0,0.6,0.6,0.1,0.1,0.0,0.1,0.1,1.3
560,443,Alen Smailagić\smailal01,PF,20,GSW,5,1,5.2,0.8,2.0,0.4,0.4,1.0,0.4,0.4,1.0,0.4,0.5,0.2,0.8,0.25,0.4,0.2,0.6,0.0,0.0,0.2,0.0,1.0,2.2
561,444,Marcus Smart\smartma01,PG,26,BOS,36,33,32.5,4.3,10.4,0.409,2.0,5.6,0.355,2.3,4.8,0.474,0.505,2.9,3.6,0.786,0.6,2.5,3.1,5.6,1.5,0.5,1.8,2.5,13.4
562,445,Dennis Smith Jr.\smithde03,PG,23,TOT,23,9,18.3,2.5,6.3,0.4,0.8,2.5,0.328,1.7,3.8,0.448,0.466,0.8,1.1,0.731,0.5,1.9,2.4,3.3,1.0,0.6,1.1,1.6,6.7
563,445,Dennis Smith Jr.\smithde03,PG,23,NYK,3,0,9.3,0.7,3.3,0.2,0.0,1.3,0.0,0.7,2.0,0.333,0.2,1.7,2.0,0.833,0.0,0.7,0.7,1.0,1.0,0.0,0.3,1.3,3.0
564,445,Dennis Smith Jr.\smithde03,PG,23,DET,20,9,19.6,2.8,6.8,0.415,1.0,2.7,0.352,1.9,4.1,0.457,0.485,0.7,1.0,0.7,0.6,2.1,2.7,3.7,1.0,0.7,1.3,1.7,7.3
565,446,Ish Smith\smithis01,PG,32,WAS,25,1,20.3,2.6,6.4,0.403,0.4,1.0,0.36,2.2,5.4,0.41,0.431,0.3,0.7,0.471,0.4,2.9,3.4,4.3,0.6,0.2,1.0,1.1,5.8
566,447,Jalen Smith\smithja04,PF,20,PHO,19,0,4.3,0.5,1.4,0.37,0.1,0.5,0.2,0.4,0.9,0.471,0.407,0.1,0.2,0.333,0.3,0.6,0.8,0.1,0.0,0.1,0.3,0.5,1.2
567,448,Tony Snell\snellto01,SG,29,ATL,40,18,21.0,1.9,3.7,0.517,1.4,2.5,0.571,0.5,1.2,0.408,0.707,0.3,0.3,1.0,0.4,2.0,2.4,1.3,0.2,0.3,0.5,1.6,5.5
568,449,Ray Spalding\spaldra01,C,23,HOU,2,0,9.5,1.0,2.0,0.5,0.0,0.5,0.0,1.0,1.5,0.667,0.5,0.0,1.0,0.0,1.0,1.0,2.0,0.0,0.0,1.0,1.5,1.5,2.0
569,450,Cassius Stanley\stanlca01,SG,21,IND,15,0,2.5,0.3,1.3,0.263,0.1,0.4,0.167,0.3,0.9,0.308,0.289,0.3,0.3,0.8,0.3,0.4,0.7,0.0,0.0,0.1,0.1,0.5,1.0
570,451,Lamar Stevens\stevela01,PF,23,CLE,37,0,13.1,1.6,3.6,0.452,0.1,0.7,0.16,1.5,3.0,0.518,0.467,0.9,1.3,0.714,0.6,1.9,2.5,0.6,0.5,0.4,0.6,1.4,4.4
571,452,Isaiah Stewart\stewais01,C,19,DET,52,4,19.7,2.8,5.0,0.569,0.2,0.5,0.423,2.6,4.5,0.585,0.59,0.7,1.1,0.667,2.2,3.7,5.9,0.9,0.5,1.0,0.9,2.4,6.6
572,453,Max Strus\strusma01,SF,24,MIA,27,0,12.5,2.1,4.5,0.467,1.3,3.6,0.357,0.8,0.9,0.917,0.611,0.4,0.6,0.688,0.1,0.8,0.9,0.5,0.2,0.0,0.1,1.1,5.9
573,454,Edmond Sumner\sumneed01,SG,25,IND,40,12,14.1,2.4,4.6,0.522,0.6,1.6,0.371,1.8,3.1,0.598,0.584,1.1,1.4,0.8,0.4,1.3,1.6,0.7,0.6,0.2,0.9,1.4,6.5
574,455,Jae'Sean Tate\tateja01,SF,25,HOU,54,42,28.7,4.3,8.4,0.517,0.8,2.6,0.31,3.5,5.7,0.612,0.565,1.4,1.9,0.731,2.0,3.4,5.4,2.0,1.2,0.6,1.2,3.1,10.9
575,456,Jayson Tatum\tatumja01,SF,22,BOS,49,49,35.7,9.4,20.4,0.458,2.9,7.6,0.384,6.5,12.9,0.502,0.529,4.2,4.8,0.873,0.7,6.4,7.1,4.2,1.2,0.4,2.6,1.9,25.9
576,457,Jeff Teague\teaguje01,PG,32,TOT,40,6,18.0,2.4,5.4,0.435,0.7,1.6,0.453,1.6,3.8,0.428,0.502,1.6,1.8,0.849,0.3,1.4,1.6,2.4,0.7,0.3,1.1,1.2,7.0
577,457,Jeff Teague\teaguje01,PG,32,BOS,34,5,18.1,2.3,5.5,0.415,0.8,1.6,0.464,1.5,3.9,0.394,0.484,1.5,1.8,0.836,0.3,1.4,1.7,2.1,0.8,0.2,1.1,1.3,6.9
578,457,Jeff Teague\teaguje01,PG,32,MIL,6,1,17.3,2.7,4.7,0.571,0.5,1.3,0.375,2.2,3.3,0.65,0.625,1.8,2.0,0.917,0.0,1.3,1.3,3.7,0.2,0.5,0.7,1.0,7.7
579,458,Garrett Temple\templga01,SG,34,CHI,37,12,27.1,3.0,7.1,0.424,1.2,3.7,0.336,1.8,3.4,0.52,0.511,0.8,1.0,0.816,0.6,2.5,3.1,2.0,0.9,0.5,1.0,2.3,8.1
580,459,Tyrell Terry\terryty01,PG,20,DAL,11,0,5.1,0.5,1.5,0.313,0.0,0.6,0.0,0.5,0.8,0.556,0.313,0.1,0.3,0.333,0.0,0.5,0.5,0.5,0.5,0.0,0.2,0.2,1.0
581,460,Daniel Theis\theisda01,C,28,TOT,50,37,24.1,3.8,6.8,0.553,0.7,2.3,0.327,3.0,4.6,0.664,0.607,1.1,1.7,0.667,1.2,3.9,5.2,1.7,0.6,1.0,1.0,2.6,9.4
582,460,Daniel Theis\theisda01,C,28,BOS,42,37,24.5,3.8,6.9,0.552,0.8,2.3,0.347,3.0,4.6,0.653,0.609,1.1,1.6,0.687,1.3,4.0,5.2,1.6,0.6,1.0,1.0,2.9,9.5
583,460,Daniel Theis\theisda01,C,28,CHI,8,0,22.5,3.8,6.8,0.556,0.5,2.3,0.222,3.3,4.5,0.722,0.593,1.3,2.1,0.588,1.0,3.9,4.9,2.0,0.5,0.6,1.0,1.3,9.3
584,461,Brodric Thomas\thomabr01,SG,24,TOT,17,1,9.3,0.8,2.8,0.292,0.3,1.5,0.192,0.5,1.3,0.409,0.344,1.1,1.4,0.783,0.2,0.9,1.1,0.8,0.4,0.3,0.6,1.1,3.0
585,461,Brodric Thomas\thomabr01,SG,24,HOU,4,0,6.0,0.5,1.8,0.286,0.3,1.5,0.167,0.3,0.3,1.0,0.357,1.3,1.8,0.714,0.3,0.8,1.0,1.0,0.3,0.3,1.0,1.3,2.5
586,461,Brodric Thomas\thomabr01,SG,24,CLE,13,1,10.3,0.9,3.2,0.293,0.3,1.5,0.2,0.6,1.6,0.381,0.341,1.0,1.2,0.813,0.2,0.9,1.1,0.7,0.5,0.3,0.5,1.0,3.2
587,462,Isaiah Thomas\thomais02,PG,31,NOP,3,0,16.0,3.0,9.0,0.333,1.0,4.0,0.25,2.0,5.0,0.4,0.389,0.7,0.7,1.0,0.3,1.0,1.3,1.7,0.3,0.0,2.0,1.0,7.7
588,463,Matt Thomas\thomama02,SG,26,TOT,32,0,7.7,1.0,2.8,0.352,0.6,1.9,0.328,0.3,0.8,0.407,0.466,0.2,0.2,0.857,0.1,0.8,0.9,0.4,0.1,0.0,0.3,0.4,2.8
589,463,Matt Thomas\thomama02,SG,26,TOR,26,0,7.4,0.9,2.4,0.387,0.7,1.6,0.415,0.3,0.8,0.333,0.524,0.2,0.3,0.857,0.1,0.7,0.8,0.3,0.1,0.0,0.2,0.4,2.7
590,463,Matt Thomas\thomama02,SG,26,UTA,6,0,9.2,1.2,4.3,0.269,0.5,3.3,0.15,0.7,1.0,0.667,0.327,0.0,0.0,,0.2,1.3,1.5,0.8,0.2,0.0,0.7,0.7,2.8
591,464,Tristan Thompson\thomptr01,PF,29,BOS,40,31,22.5,3.2,6.1,0.529,0.0,0.1,0.0,3.2,6.0,0.535,0.529,1.4,2.3,0.609,3.1,5.2,8.2,1.0,0.4,0.5,1.0,2.2,7.9
592,465,Sindarius Thornwell\thornsi01,SG,26,NOP,14,1,5.2,0.5,1.5,0.333,0.2,0.6,0.333,0.3,0.9,0.333,0.405,0.0,0.1,0.0,0.1,0.3,0.4,0.3,0.4,0.1,0.3,0.2,1.2
593,466,Matisse Thybulle\thybuma01,SG,23,PHI,51,6,19.3,1.5,3.5,0.413,0.7,2.2,0.309,0.8,1.4,0.58,0.508,0.2,0.3,0.571,0.5,1.4,1.9,0.9,1.5,1.0,0.4,2.0,3.7
594,467,Killian Tillie\tilliki02,C,22,MEM,10,0,8.6,0.8,3.0,0.267,0.3,1.7,0.176,0.5,1.3,0.385,0.317,0.4,0.5,0.8,0.5,0.7,1.2,0.2,0.3,0.5,0.1,1.0,2.3
595,468,Xavier Tillman Sr.\tillmxa01,PF,22,MEM,42,7,18.4,2.6,5.0,0.526,0.3,1.1,0.267,2.4,4.0,0.596,0.555,0.6,0.9,0.658,1.2,2.9,4.2,1.4,0.8,0.6,0.7,2.1,6.2
596,469,Obi Toppin\toppiob01,PF,22,NYK,45,0,11.6,1.7,3.6,0.484,0.4,1.4,0.281,1.3,2.2,0.619,0.54,0.4,0.5,0.727,0.4,1.8,2.2,0.5,0.3,0.2,0.5,1.0,4.2
597,470,Juan Toscano-Anderson\toscaju01,SG,27,GSW,37,15,17.6,1.8,3.2,0.567,0.6,1.3,0.429,1.3,1.9,0.662,0.654,0.4,0.5,0.75,0.5,3.2,3.8,2.2,0.6,0.4,0.9,1.9,4.6
598,471,Axel Toupane\toupaax01,SF,28,MIL,8,1,7.6,0.5,1.4,0.364,0.1,0.3,0.5,0.4,1.1,0.333,0.409,0.6,0.9,0.714,0.0,0.8,0.8,0.5,0.3,0.4,0.0,0.8,1.8
599,472,Karl-Anthony Towns\townska01,C,25,MIN,34,34,34.7,8.8,17.8,0.493,2.4,6.2,0.39,6.4,11.6,0.548,0.561,5.1,5.7,0.882,2.7,8.4,11.1,4.6,0.8,1.4,3.2,3.5,25.0
600,473,Gary Trent Jr.\trentga02,SG,22,TOT,52,34,31.4,5.6,13.3,0.421,2.9,7.4,0.392,2.7,5.9,0.458,0.53,1.4,1.8,0.78,0.4,2.1,2.5,1.5,0.9,0.2,0.8,1.6,15.5
601,473,Gary Trent Jr.\trentga02,SG,22,POR,41,23,30.8,5.3,12.8,0.414,3.0,7.4,0.397,2.3,5.3,0.438,0.53,1.4,1.8,0.773,0.5,1.7,2.2,1.4,0.9,0.1,0.8,1.5,15.0
602,473,Gary Trent Jr.\trentga02,SG,22,TOR,11,11,33.6,6.7,15.2,0.443,2.7,7.3,0.375,4.0,7.9,0.506,0.533,1.2,1.5,0.813,0.1,3.4,3.5,1.6,0.9,0.2,0.8,1.7,17.4
603,474,P.J. Tucker\tuckepj01,PF,35,TOT,35,32,28.7,1.4,3.9,0.363,0.8,2.6,0.311,0.6,1.3,0.467,0.467,0.5,0.7,0.783,1.0,3.4,4.4,1.3,0.8,0.6,0.9,2.7,4.1
604,474,P.J. Tucker\tuckepj01,PF,35,HOU,32,32,30.0,1.5,4.1,0.366,0.8,2.7,0.314,0.7,1.4,0.467,0.469,0.6,0.7,0.783,1.0,3.6,4.6,1.4,0.9,0.6,1.0,2.8,4.4
605,474,P.J. Tucker\tuckepj01,PF,35,MIL,3,0,14.7,0.3,1.3,0.25,0.3,1.3,0.25,0.0,0.0,,0.375,0.0,0.0,,1.0,1.0,2.0,0.3,0.0,0.7,0.0,0.7,1.0
606,475,Rayjon Tucker\tuckera01,PG,23,PHI,7,0,4.3,0.3,0.7,0.4,0.1,0.3,0.5,0.1,0.4,0.333,0.5,1.1,1.1,1.0,0.1,0.7,0.9,0.3,0.0,0.0,0.1,0.4,1.9
607,476,Myles Turner\turnemy01,C,24,IND,46,46,30.9,4.4,9.2,0.482,1.5,4.4,0.338,3.0,4.8,0.613,0.563,2.3,3.0,0.787,1.3,5.1,6.4,1.0,0.9,3.5,1.4,3.5,12.7
608,477,Jonas Valančiūnas\valanjo01,C,28,MEM,47,46,27.9,7.0,12.2,0.576,0.3,0.9,0.341,6.7,11.3,0.595,0.589,2.6,3.3,0.776,4.2,8.5,12.7,1.8,0.6,0.8,1.7,2.9,17.0
609,478,Denzel Valentine\valende01,SG,27,CHI,46,3,17.6,2.7,7.1,0.379,1.4,4.1,0.332,1.3,3.0,0.445,0.476,0.2,0.2,1.0,0.4,3.2,3.6,1.7,0.6,0.0,0.6,1.1,7.0
610,479,Jarred Vanderbilt\vandeja01,PF,21,MIN,47,25,17.3,2.1,3.5,0.606,0.0,0.1,0.25,2.1,3.4,0.615,0.609,1.0,1.7,0.6,1.5,3.7,5.2,1.3,0.9,0.7,0.9,1.9,5.3
611,480,Fred VanVleet\vanvlfr01,SG,26,TOR,44,44,36.4,6.5,16.5,0.393,3.3,9.0,0.371,3.1,7.5,0.419,0.494,3.5,4.0,0.885,0.6,3.6,4.2,6.1,1.7,0.8,2.0,2.4,19.8
612,481,Devin Vassell\vassede01,SF,20,SAS,44,1,16.5,1.8,4.4,0.397,0.9,2.2,0.392,0.9,2.2,0.402,0.495,0.7,0.8,0.879,0.4,2.3,2.8,0.9,0.8,0.3,0.4,1.4,5.0
613,482,Gabe Vincent\vincega01,PG,24,MIA,37,6,13.9,1.9,5.1,0.369,0.9,3.2,0.277,1.0,1.8,0.529,0.457,0.5,0.6,0.87,0.2,0.9,1.1,1.4,0.5,0.1,0.7,1.6,5.2
614,483,Noah Vonleh\vonleno01,PF,25,BRK,4,0,2.8,0.0,0.8,0.0,0.0,0.5,0.0,0.0,0.3,0.0,0.0,0.0,0.0,,0.0,0.3,0.3,0.3,0.0,0.0,0.5,0.5,0.0
615,484,Nikola Vučević\vucevni01,C,30,TOT,54,54,33.7,9.7,20.1,0.484,2.6,6.2,0.409,7.2,13.9,0.517,0.547,2.0,2.4,0.833,2.0,9.4,11.4,3.7,1.0,0.7,1.8,1.9,24.0
616,484,Nikola Vučević\vucevni01,C,30,ORL,44,44,34.1,9.9,20.6,0.48,2.7,6.5,0.406,7.3,14.1,0.515,0.545,2.1,2.5,0.827,2.0,9.8,11.8,3.8,1.0,0.6,1.9,1.8,24.5
617,484,Nikola Vučević\vucevni01,C,30,CHI,10,10,31.8,8.9,17.7,0.503,2.1,4.9,0.429,6.8,12.8,0.531,0.562,1.9,2.2,0.864,2.1,7.6,9.7,3.5,1.1,1.0,1.4,2.3,21.8
618,485,Dean Wade\wadede01,PF,24,CLE,45,12,16.9,2.0,4.6,0.439,1.1,3.0,0.372,0.9,1.5,0.574,0.563,0.4,0.5,0.762,0.5,2.6,3.0,1.1,0.5,0.4,0.4,1.1,5.5
619,486,Moritz Wagner\wagnemo01,C,23,TOT,33,14,13.1,2.0,4.1,0.489,0.5,1.5,0.313,1.5,2.6,0.586,0.544,1.3,1.6,0.778,0.5,2.3,2.8,1.2,0.7,0.2,0.8,2.1,5.7
620,486,Moritz Wagner\wagnemo01,C,23,WAS,25,13,15.0,2.5,4.9,0.508,0.5,1.7,0.31,2.0,3.2,0.613,0.561,1.6,2.1,0.788,0.5,2.4,2.9,1.3,0.9,0.3,0.8,2.5,7.1
621,486,Moritz Wagner\wagnemo01,C,23,BOS,8,1,7.0,0.5,1.6,0.308,0.3,0.8,0.333,0.3,0.9,0.286,0.385,0.1,0.3,0.5,0.4,1.9,2.3,0.8,0.0,0.0,0.8,1.0,1.4
622,487,Kemba Walker\walkeke02,PG,30,BOS,35,35,31.4,6.1,15.3,0.397,2.7,8.1,0.34,3.3,7.3,0.461,0.487,2.8,3.0,0.942,0.3,3.5,3.8,5.1,1.1,0.3,2.1,1.3,17.7
623,488,Lonnie Walker\walkelo01,SG,22,SAS,40,30,25.6,4.4,10.2,0.429,1.7,4.7,0.364,2.7,5.5,0.484,0.512,1.1,1.3,0.792,0.3,2.4,2.7,1.6,0.5,0.4,1.0,1.9,11.5
624,489,John Wall\walljo01,PG,30,HOU,35,35,32.1,7.3,18.1,0.405,2.1,6.3,0.333,5.2,11.8,0.443,0.463,3.8,5.2,0.729,0.5,2.8,3.3,6.8,1.1,0.8,3.4,1.2,20.6
625,490,Brad Wanamaker\wanambr01,PG,31,TOT,47,0,16.7,1.8,4.9,0.367,0.3,1.6,0.211,1.4,3.3,0.444,0.402,1.4,1.5,0.903,0.3,1.4,1.7,2.8,0.7,0.2,1.1,1.5,5.3
626,490,Brad Wanamaker\wanambr01,PG,31,GSW,39,0,16.0,1.6,4.4,0.353,0.3,1.6,0.213,1.2,2.9,0.429,0.39,1.3,1.4,0.893,0.2,1.5,1.7,2.5,0.7,0.2,0.9,1.4,4.7
627,490,Brad Wanamaker\wanambr01,PG,31,CHO,8,0,20.3,2.9,7.0,0.411,0.4,1.9,0.2,2.5,5.1,0.488,0.438,1.9,2.0,0.938,0.5,1.3,1.8,4.1,0.9,0.3,1.9,2.0,8.0
628,491,T.J. Warren\warretj01,SF,27,IND,4,4,29.3,6.8,12.8,0.529,0.0,1.8,0.0,6.8,11.0,0.614,0.529,2.0,2.5,0.8,0.5,3.0,3.5,1.3,0.5,0.0,1.0,4.0,15.5
629,492,P.J. Washington\washipj01,PF,22,CHO,48,48,29.4,4.1,9.7,0.426,1.4,3.8,0.37,2.8,6.0,0.462,0.498,1.9,2.4,0.791,1.4,5.0,6.4,2.7,1.0,1.3,2.1,2.7,11.6
630,493,Yuta Watanabe\watanyu01,SF,26,TOR,36,1,12.4,1.2,2.8,0.412,0.5,1.4,0.367,0.7,1.5,0.453,0.5,0.3,0.4,0.786,0.8,2.3,3.2,0.6,0.5,0.4,0.3,1.0,3.1
631,494,Tremont Waters\watertr01,PG,23,BOS,15,1,7.5,0.8,2.4,0.333,0.4,1.1,0.353,0.4,1.3,0.316,0.417,0.7,0.8,0.917,0.2,0.5,0.7,2.3,0.5,0.0,0.9,0.4,2.7
632,495,Paul Watson\watsopa01,SF,26,TOR,24,0,9.8,1.0,2.3,0.455,0.8,1.8,0.455,0.2,0.5,0.455,0.636,0.1,0.2,0.5,0.1,1.3,1.5,0.5,0.2,0.1,0.3,1.3,3.0
633,496,Quinndary Weatherspoon\weathqu01,SG,24,SAS,15,0,4.7,0.3,1.0,0.333,0.0,0.1,0.0,0.3,0.9,0.385,0.333,0.5,0.5,0.875,0.1,0.3,0.4,0.3,0.3,0.1,0.5,0.7,1.1
634,497,Russell Westbrook\westbru01,PG,32,WAS,46,46,35.3,8.2,18.8,0.436,1.3,4.2,0.309,6.9,14.6,0.473,0.471,4.0,6.4,0.627,1.6,9.1,10.7,10.8,1.2,0.4,5.0,2.7,21.7
635,498,Coby White\whiteco01,PG,20,CHI,50,36,30.9,5.3,12.9,0.41,2.1,6.2,0.34,3.2,6.7,0.475,0.491,1.7,1.9,0.906,0.4,3.8,4.2,4.4,0.5,0.2,2.2,2.6,14.4
636,499,Derrick White\whitede01,SG,26,SAS,28,24,29.3,5.0,12.3,0.404,2.1,6.5,0.32,2.9,5.8,0.497,0.488,2.6,3.0,0.857,0.3,2.5,2.7,3.3,0.8,1.0,1.4,2.7,14.6
637,500,Hassan Whiteside\whiteha01,C,31,SAC,31,1,14.3,3.3,5.9,0.56,0.0,0.0,0.0,3.3,5.9,0.563,0.56,1.2,2.2,0.529,1.6,4.1,5.7,0.5,0.2,1.3,1.1,1.8,7.8
638,501,Greg Whittington\whittgr01,PF,27,DEN,4,0,3.0,0.0,0.8,0.0,0.0,0.5,0.0,0.0,0.3,0.0,0.0,0.0,0.0,,0.0,0.0,0.0,0.0,0.0,0.0,0.0,0.0,0.0
639,502,Andrew Wiggins\wiggian01,PF,25,GSW,54,54,32.6,6.8,14.4,0.473,2.0,5.2,0.381,4.9,9.2,0.525,0.542,2.4,3.4,0.694,1.0,3.8,4.8,2.3,1.0,1.0,1.9,2.2,18.0
640,503,Grant Williams\willigr01,PF,22,BOS,47,8,18.6,1.6,3.7,0.436,0.8,2.0,0.387,0.8,1.7,0.494,0.541,0.4,0.8,0.528,0.8,2.1,2.9,1.0,0.6,0.4,0.9,2.6,4.4
641,504,Kenrich Williams\willike04,PF,26,OKC,54,10,20.7,3.1,5.8,0.538,0.7,1.6,0.437,2.4,4.2,0.577,0.599,0.5,0.9,0.565,1.3,2.9,4.2,2.2,0.7,0.2,1.0,2.0,7.4
642,505,Lou Williams\willilo02,PG,34,TOT,50,3,22.2,4.4,10.4,0.423,1.1,2.8,0.397,3.3,7.5,0.432,0.477,2.3,2.6,0.863,0.3,1.7,2.0,3.5,0.9,0.1,1.6,1.0,12.1
643,505,Lou Williams\willilo02,PG,34,LAC,42,3,21.9,4.3,10.2,0.421,1.1,2.8,0.378,3.2,7.4,0.437,0.473,2.5,2.8,0.866,0.4,1.7,2.1,3.4,0.9,0.1,1.6,1.0,12.1
644,505,Lou Williams\willilo02,PG,34,ATL,8,0,24.0,4.8,11.0,0.432,1.4,2.8,0.5,3.4,8.3,0.409,0.494,1.3,1.5,0.833,0.3,1.5,1.8,3.9,0.5,0.1,1.5,0.9,12.1
645,506,Patrick Williams\willipa01,PF,19,CHI,52,52,28.5,3.7,7.7,0.475,0.8,2.1,0.38,2.9,5.6,0.51,0.526,1.3,1.7,0.767,1.0,3.7,4.6,1.3,0.9,0.7,1.4,2.0,9.4
646,507,Robert Williams\williro04,C,23,BOS,47,10,18.9,3.7,5.1,0.72,0.0,0.0,0.0,3.7,5.0,0.726,0.72,0.9,1.4,0.646,2.6,4.4,7.0,1.8,0.8,1.8,1.0,2.1,8.2
647,508,Zion Williamson\willizi01,PF,20,NOP,49,49,32.9,10.3,16.6,0.62,0.2,0.5,0.36,10.1,16.1,0.628,0.625,6.1,8.7,0.703,2.6,4.6,7.1,3.7,0.9,0.7,2.5,2.2,26.8
648,509,D.J. Wilson\wilsodj01,PF,24,TOT,25,0,10.5,1.6,3.9,0.408,0.8,2.2,0.382,0.8,1.7,0.442,0.515,0.3,0.4,0.727,0.4,2.3,2.8,0.4,0.2,0.5,0.6,1.3,4.4
649,509,D.J. Wilson\wilsodj01,PF,24,MIL,12,0,8.8,1.3,3.6,0.372,0.8,2.3,0.357,0.5,1.3,0.4,0.488,0.1,0.2,0.5,0.3,1.8,2.1,0.3,0.1,0.3,0.3,1.1,3.6
650,509,D.J. Wilson\wilsodj01,PF,24,HOU,13,0,12.1,1.8,4.2,0.436,0.8,2.1,0.407,1.0,2.2,0.464,0.536,0.5,0.7,0.778,0.6,2.8,3.4,0.5,0.2,0.6,0.8,1.5,5.1
651,510,Dylan Windler\windldy01,SF,24,CLE,31,0,16.5,1.8,4.2,0.438,0.8,2.5,0.338,1.0,1.7,0.585,0.538,0.7,0.9,0.778,0.6,2.8,3.5,1.1,0.6,0.4,1.0,1.2,5.2
652,511,Justise Winslow\winslju01,SF,24,MEM,16,0,21.1,3.1,9.1,0.342,0.3,2.6,0.122,2.8,6.6,0.429,0.36,0.6,1.0,0.563,0.8,4.0,4.8,1.8,0.8,0.4,1.6,2.0,7.1
653,512,Cassius Winston\winstca01,PG,22,WAS,15,0,5.7,0.7,1.7,0.385,0.5,1.0,0.467,0.2,0.7,0.273,0.519,0.3,0.4,0.833,0.0,0.6,0.6,0.7,0.1,0.1,0.1,0.5,2.1
654,513,James Wiseman\wisemja01,C,19,GSW,39,27,21.4,4.9,9.4,0.519,0.3,1.0,0.316,4.6,8.5,0.542,0.535,1.4,2.2,0.628,1.4,4.4,5.8,0.7,0.3,0.9,1.5,3.1,11.5
655,514,Christian Wood\woodch01,C,25,HOU,31,31,31.8,8.2,15.3,0.533,1.7,4.6,0.375,6.4,10.7,0.601,0.589,3.0,4.6,0.646,1.7,7.8,9.5,1.5,0.9,1.2,1.8,2.0,21.1
656,515,Robert Woodard\woodaro01,SF,21,SAC,11,0,2.6,0.6,1.3,0.5,0.1,0.4,0.25,0.5,0.9,0.6,0.536,0.3,0.7,0.375,0.3,0.7,1.0,0.0,0.0,0.2,0.1,0.2,1.6
657,516,Delon Wright\wrighde01,SG-PG,28,TOT,45,31,27.4,3.5,7.8,0.456,0.8,2.4,0.352,2.7,5.4,0.502,0.51,1.9,2.3,0.8,1.0,3.2,4.2,4.4,1.5,0.4,1.2,1.1,9.8
658,516,Delon Wright\wrighde01,SG,28,DET,36,31,29.2,3.8,8.1,0.464,0.9,2.5,0.348,2.9,5.7,0.515,0.517,2.0,2.5,0.789,1.0,3.5,4.6,5.0,1.6,0.5,1.3,1.3,10.4
659,516,Delon Wright\wrighde01,PG,28,SAC,9,0,20.0,2.6,6.2,0.411,0.8,2.1,0.368,1.8,4.1,0.432,0.473,1.4,1.7,0.867,0.9,1.8,2.7,1.8,1.1,0.0,0.8,0.7,7.3
660,517,Thaddeus Young\youngth01,PF,32,CHI,49,16,24.9,5.6,9.6,0.585,0.1,0.6,0.222,5.5,9.1,0.607,0.591,1.0,1.6,0.62,2.4,4.0,6.4,4.3,1.2,0.6,2.0,2.4,12.4
661,518,Trae Young\youngtr01,PG,22,ATL,50,50,34.3,7.8,17.8,0.435,2.3,6.5,0.361,5.4,11.3,0.478,0.501,7.6,8.7,0.867,0.6,3.3,4.0,9.5,0.8,0.2,4.3,1.9,25.4
662,519,Cody Zeller\zelleco01,C,28,CHO,34,20,21.5,3.6,6.9,0.532,0.1,0.7,0.125,3.6,6.1,0.579,0.539,1.7,2.3,0.734,2.6,4.6,7.2,2.0,0.7,0.4,1.0,2.3,9.1
663,520,Ivica Zubac\zubaciv01,C,23,LAC,56,17,22.1,3.5,5.3,0.652,0.0,0.1,0.0,3.5,5.3,0.659,0.652,1.9,2.3,0.806,2.7,4.6,7.3,1.2,0.4,0.9,1.1,2.5,8.8
